plan_sku,plan_slug,plan_family,plan_name,dimension,category,option_label,monthly_price_delta,setup_fee_delta,region_group,country,country_code,subregion,is_default,currency
cloud-vps-core-4,cloud-vps-core-4,Cloud VPS,Cloud VPS 4,Data Protection,Auto Backup,Auto Backup,1.65,0,,,,,,EUR
cloud-vps-core-4,cloud-vps-core-4,Cloud VPS,Cloud VPS 4,Data Protection,None,No Data Protection,0,0,,,,,true,EUR
cloud-vps-core-4,cloud-vps-core-4,Cloud VPS,Cloud VPS 4,Image,Apps,Coolify Server,0,0,,,,,,EUR
cloud-vps-core-4,cloud-vps-core-4,Cloud VPS,Cloud VPS 4,Image,Apps,Docker,0,0,,,,,,EUR
cloud-vps-core-4,cloud-vps-core-4,Cloud VPS,Cloud VPS 4,Image,Apps,Dokploy Server,0,0,,,,,,EUR
cloud-vps-core-4,cloud-vps-core-4,Cloud VPS,Cloud VPS 4,Image,Apps,GitLab Server,0,0,,,,,,EUR
cloud-vps-core-4,cloud-vps-core-4,Cloud VPS,Cloud VPS 4,Image,Apps,Hermes Agent Server,0,0,,,,,,EUR
cloud-vps-core-4,cloud-vps-core-4,Cloud VPS,Cloud VPS 4,Image,Apps,LAMP,0,0,,,,,,EUR
cloud-vps-core-4,cloud-vps-core-4,Cloud VPS,Cloud VPS 4,Image,Apps,n8n Server,0,0,,,,,,EUR
cloud-vps-core-4,cloud-vps-core-4,Cloud VPS,Cloud VPS 4,Image,Apps,Nextcloud Server,0,0,,,,,,EUR
cloud-vps-core-4,cloud-vps-core-4,Cloud VPS,Cloud VPS 4,Image,Apps,OpenClaw Server,0,0,,,,,,EUR
cloud-vps-core-4,cloud-vps-core-4,Cloud VPS,Cloud VPS 4,Image,Apps,WireGuard Server,0,0,,,,,,EUR
cloud-vps-core-4,cloud-vps-core-4,Cloud VPS,Cloud VPS 4,Image,Apps,Zeroclaw Server,0,0,,,,,,EUR
cloud-vps-core-4,cloud-vps-core-4,Cloud VPS,Cloud VPS 4,Image,Blockchain,Flux Node,0,0,,,,,,EUR
cloud-vps-core-4,cloud-vps-core-4,Cloud VPS,Cloud VPS 4,Image,Blockchain,Horizen Node,0,0,,,,,,EUR
cloud-vps-core-4,cloud-vps-core-4,Cloud VPS,Cloud VPS 4,Image,Blockchain,IPFS Node,0,0,,,,,,EUR
cloud-vps-core-4,cloud-vps-core-4,Cloud VPS,Cloud VPS 4,Image,OS,AlmaLinux 10,0,0,,,,,,EUR
cloud-vps-core-4,cloud-vps-core-4,Cloud VPS,Cloud VPS 4,Image,OS,AlmaLinux 9,0,0,,,,,,EUR
cloud-vps-core-4,cloud-vps-core-4,Cloud VPS,Cloud VPS 4,Image,OS,Arch Linux,0,0,,,,,,EUR
cloud-vps-core-4,cloud-vps-core-4,Cloud VPS,Cloud VPS 4,Image,OS,Debian 12,0,0,,,,,,EUR
cloud-vps-core-4,cloud-vps-core-4,Cloud VPS,Cloud VPS 4,Image,OS,Debian 13,0,0,,,,,,EUR
cloud-vps-core-4,cloud-vps-core-4,Cloud VPS,Cloud VPS 4,Image,OS,FreeBSD 12.2,0,0,,,,,,EUR
cloud-vps-core-4,cloud-vps-core-4,Cloud VPS,Cloud VPS 4,Image,OS,Rocky Linux 10,0,0,,,,,,EUR
cloud-vps-core-4,cloud-vps-core-4,Cloud VPS,Cloud VPS 4,Image,OS,Rocky Linux 9,0,0,,,,,,EUR
cloud-vps-core-4,cloud-vps-core-4,Cloud VPS,Cloud VPS 4,Image,OS,Ubuntu 19.10 (64 Bit),0,0,,,,,,EUR
cloud-vps-core-4,cloud-vps-core-4,Cloud VPS,Cloud VPS 4,Image,OS,Ubuntu 22.04,0,0,,,,,,EUR
cloud-vps-core-4,cloud-vps-core-4,Cloud VPS,Cloud VPS 4,Image,OS,Ubuntu 24.04,0,0,,,,,true,EUR
cloud-vps-core-4,cloud-vps-core-4,Cloud VPS,Cloud VPS 4,Image,OS,Ubuntu 26.04,0,0,,,,,,EUR
cloud-vps-core-4,cloud-vps-core-4,Cloud VPS,Cloud VPS 4,Image,OS,Windows Server Datacenter 2016,8,0,,,,,,EUR
cloud-vps-core-4,cloud-vps-core-4,Cloud VPS,Cloud VPS 4,Image,OS,Windows Server Datacenter 2019,8,0,,,,,,EUR
cloud-vps-core-4,cloud-vps-core-4,Cloud VPS,Cloud VPS 4,Image,OS,Windows Server Datacenter 2022,8,0,,,,,,EUR
cloud-vps-core-4,cloud-vps-core-4,Cloud VPS,Cloud VPS 4,Image,OS,Windows Server Datacenter 2025,8,0,,,,,,EUR
cloud-vps-core-4,cloud-vps-core-4,Cloud VPS,Cloud VPS 4,Image,Panels,cPanel/WHM (5 accounts),21.75,0,,,,,,EUR
cloud-vps-core-4,cloud-vps-core-4,Cloud VPS,Cloud VPS 4,Image,Panels,Plesk Admin Edition,12,0,,,,,,EUR
cloud-vps-core-4,cloud-vps-core-4,Cloud VPS,Cloud VPS 4,Image,Panels,Plesk Host Edition,36.5,0,,,,,,EUR
cloud-vps-core-4,cloud-vps-core-4,Cloud VPS,Cloud VPS 4,Image,Panels,Plesk Pro Edition,19,0,,,,,,EUR
cloud-vps-core-4,cloud-vps-core-4,Cloud VPS,Cloud VPS 4,Image,Panels,Webmin,0,0,,,,,,EUR
cloud-vps-core-4,cloud-vps-core-4,Cloud VPS,Cloud VPS 4,Image,Panels,Webmin + LAMP,0,0,,,,,,EUR
cloud-vps-core-4,cloud-vps-core-4,Cloud VPS,Cloud VPS 4,Networking,Bandwidth,Unlimited Traffic,0,0,,,,,true,EUR
cloud-vps-core-4,cloud-vps-core-4,Cloud VPS,Cloud VPS 4,Networking,IPv4,1 IP Address,0,0,,,,,true,EUR
cloud-vps-core-4,cloud-vps-core-4,Cloud VPS,Cloud VPS 4,Networking,IPv4,Additional IP Address,3.5,0,,,,,,EUR
cloud-vps-core-4,cloud-vps-core-4,Cloud VPS,Cloud VPS 4,Networking,Private Networking,No Private Networking,0,0,,,,,true,EUR
cloud-vps-core-4,cloud-vps-core-4,Cloud VPS,Cloud VPS 4,Networking,Private Networking,Private Networking Enabled,2.29,0,,,,,,EUR
cloud-vps-core-4,cloud-vps-core-4,Cloud VPS,Cloud VPS 4,Region,America,United States (Central),1.05,0,America,United States (Central),US,Central,,EUR
cloud-vps-core-4,cloud-vps-core-4,Cloud VPS,Cloud VPS 4,Region,America,United States (East),1.55,0,America,United States (East),US,East,,EUR
cloud-vps-core-4,cloud-vps-core-4,Cloud VPS,Cloud VPS 4,Region,America,United States (West),1.3,0,America,United States (West),US,West,,EUR
cloud-vps-core-4,cloud-vps-core-4,Cloud VPS,Cloud VPS 4,Region,Asia,India,2.4,0,Asia,India,IN,,,EUR
cloud-vps-core-4,cloud-vps-core-4,Cloud VPS,Cloud VPS 4,Region,Asia,Japan,2.55,0,Asia,Japan,JP,,,EUR
cloud-vps-core-4,cloud-vps-core-4,Cloud VPS,Cloud VPS 4,Region,Asia,Singapore,2.5,0,Asia,Singapore,SG,,,EUR
cloud-vps-core-4,cloud-vps-core-4,Cloud VPS,Cloud VPS 4,Region,Australia,Australia,2.15,0,Australia,Australia,AU,,,EUR
cloud-vps-core-4,cloud-vps-core-4,Cloud VPS,Cloud VPS 4,Region,Europe,European Union,0,0,Europe,European Union,EU,,true,EUR
cloud-vps-core-4,cloud-vps-core-4,Cloud VPS,Cloud VPS 4,Region,Europe,United Kingdom,1.05,0,Europe,United Kingdom,UK,,,EUR
cloud-vps-core-4,cloud-vps-core-4,Cloud VPS,Cloud VPS 4,Storage Type,SSD,100 GB SSD,0,0,,,,,true,EUR
cloud-vps-core-4,cloud-vps-core-4,Cloud VPS,Cloud VPS 4,Storage Type,SSD,200 GB SSD,1.5,0,,,,,,EUR
cloud-vps-core-6,cloud-vps-core-6,Cloud VPS,Cloud VPS 6,Data Protection,Auto Backup,Auto Backup,3.35,0,,,,,,EUR
cloud-vps-core-6,cloud-vps-core-6,Cloud VPS,Cloud VPS 6,Data Protection,None,No Data Protection,0,0,,,,,true,EUR
cloud-vps-core-6,cloud-vps-core-6,Cloud VPS,Cloud VPS 6,Image,Apps,Coolify Server,0,0,,,,,,EUR
cloud-vps-core-6,cloud-vps-core-6,Cloud VPS,Cloud VPS 6,Image,Apps,Docker,0,0,,,,,,EUR
cloud-vps-core-6,cloud-vps-core-6,Cloud VPS,Cloud VPS 6,Image,Apps,Dokploy Server,0,0,,,,,,EUR
cloud-vps-core-6,cloud-vps-core-6,Cloud VPS,Cloud VPS 6,Image,Apps,GitLab Server,0,0,,,,,,EUR
cloud-vps-core-6,cloud-vps-core-6,Cloud VPS,Cloud VPS 6,Image,Apps,Hermes Agent Server,0,0,,,,,,EUR
cloud-vps-core-6,cloud-vps-core-6,Cloud VPS,Cloud VPS 6,Image,Apps,LAMP,0,0,,,,,,EUR
cloud-vps-core-6,cloud-vps-core-6,Cloud VPS,Cloud VPS 6,Image,Apps,n8n Server,0,0,,,,,,EUR
cloud-vps-core-6,cloud-vps-core-6,Cloud VPS,Cloud VPS 6,Image,Apps,Nextcloud Server,0,0,,,,,,EUR
cloud-vps-core-6,cloud-vps-core-6,Cloud VPS,Cloud VPS 6,Image,Apps,OpenClaw Server,0,0,,,,,,EUR
cloud-vps-core-6,cloud-vps-core-6,Cloud VPS,Cloud VPS 6,Image,Apps,Paperclip Server,0,0,,,,,,EUR
cloud-vps-core-6,cloud-vps-core-6,Cloud VPS,Cloud VPS 6,Image,Apps,WireGuard Server,0,0,,,,,,EUR
cloud-vps-core-6,cloud-vps-core-6,Cloud VPS,Cloud VPS 6,Image,Apps,Zeroclaw Server,0,0,,,,,,EUR
cloud-vps-core-6,cloud-vps-core-6,Cloud VPS,Cloud VPS 6,Image,Blockchain,Flux Node,0,0,,,,,,EUR
cloud-vps-core-6,cloud-vps-core-6,Cloud VPS,Cloud VPS 6,Image,Blockchain,Horizen Node,0,0,,,,,,EUR
cloud-vps-core-6,cloud-vps-core-6,Cloud VPS,Cloud VPS 6,Image,Blockchain,IPFS Node,0,0,,,,,,EUR
cloud-vps-core-6,cloud-vps-core-6,Cloud VPS,Cloud VPS 6,Image,OS,AlmaLinux 10,0,0,,,,,,EUR
cloud-vps-core-6,cloud-vps-core-6,Cloud VPS,Cloud VPS 6,Image,OS,AlmaLinux 9,0,0,,,,,,EUR
cloud-vps-core-6,cloud-vps-core-6,Cloud VPS,Cloud VPS 6,Image,OS,Arch Linux,0,0,,,,,,EUR
cloud-vps-core-6,cloud-vps-core-6,Cloud VPS,Cloud VPS 6,Image,OS,Debian 12,0,0,,,,,,EUR
cloud-vps-core-6,cloud-vps-core-6,Cloud VPS,Cloud VPS 6,Image,OS,Debian 13,0,0,,,,,,EUR
cloud-vps-core-6,cloud-vps-core-6,Cloud VPS,Cloud VPS 6,Image,OS,FreeBSD 12.2,0,0,,,,,,EUR
cloud-vps-core-6,cloud-vps-core-6,Cloud VPS,Cloud VPS 6,Image,OS,Rocky Linux 10,0,0,,,,,,EUR
cloud-vps-core-6,cloud-vps-core-6,Cloud VPS,Cloud VPS 6,Image,OS,Rocky Linux 8,0,0,,,,,,EUR
cloud-vps-core-6,cloud-vps-core-6,Cloud VPS,Cloud VPS 6,Image,OS,Rocky Linux 9,0,0,,,,,,EUR
cloud-vps-core-6,cloud-vps-core-6,Cloud VPS,Cloud VPS 6,Image,OS,Ubuntu 19.10 (64 Bit),0,0,,,,,,EUR
cloud-vps-core-6,cloud-vps-core-6,Cloud VPS,Cloud VPS 6,Image,OS,Ubuntu 22.04,0,0,,,,,,EUR
cloud-vps-core-6,cloud-vps-core-6,Cloud VPS,Cloud VPS 6,Image,OS,Ubuntu 24.04,0,0,,,,,true,EUR
cloud-vps-core-6,cloud-vps-core-6,Cloud VPS,Cloud VPS 6,Image,OS,Ubuntu 26.04,0,0,,,,,,EUR
cloud-vps-core-6,cloud-vps-core-6,Cloud VPS,Cloud VPS 6,Image,OS,Windows Server Datacenter 2016,17,0,,,,,,EUR
cloud-vps-core-6,cloud-vps-core-6,Cloud VPS,Cloud VPS 6,Image,OS,Windows Server Datacenter 2019,17,0,,,,,,EUR
cloud-vps-core-6,cloud-vps-core-6,Cloud VPS,Cloud VPS 6,Image,OS,Windows Server Datacenter 2022,17,0,,,,,,EUR
cloud-vps-core-6,cloud-vps-core-6,Cloud VPS,Cloud VPS 6,Image,OS,Windows Server Datacenter 2025,17,0,,,,,,EUR
cloud-vps-core-6,cloud-vps-core-6,Cloud VPS,Cloud VPS 6,Image,Panels,cPanel/WHM (5 accounts),21.75,0,,,,,,EUR
cloud-vps-core-6,cloud-vps-core-6,Cloud VPS,Cloud VPS 6,Image,Panels,Plesk Admin Edition,12,0,,,,,,EUR
cloud-vps-core-6,cloud-vps-core-6,Cloud VPS,Cloud VPS 6,Image,Panels,Plesk Host Edition,36.5,0,,,,,,EUR
cloud-vps-core-6,cloud-vps-core-6,Cloud VPS,Cloud VPS 6,Image,Panels,Plesk Pro Edition,19,0,,,,,,EUR
cloud-vps-core-6,cloud-vps-core-6,Cloud VPS,Cloud VPS 6,Image,Panels,Webmin,0,0,,,,,,EUR
cloud-vps-core-6,cloud-vps-core-6,Cloud VPS,Cloud VPS 6,Image,Panels,Webmin + LAMP,0,0,,,,,,EUR
cloud-vps-core-6,cloud-vps-core-6,Cloud VPS,Cloud VPS 6,Networking,Bandwidth,Unlimited Traffic,0,0,,,,,true,EUR
cloud-vps-core-6,cloud-vps-core-6,Cloud VPS,Cloud VPS 6,Networking,IPv4,1 IP Address,0,0,,,,,true,EUR
cloud-vps-core-6,cloud-vps-core-6,Cloud VPS,Cloud VPS 6,Networking,IPv4,Additional IP Address,3.5,0,,,,,,EUR
cloud-vps-core-6,cloud-vps-core-6,Cloud VPS,Cloud VPS 6,Networking,Private Networking,No Private Networking,0,0,,,,,true,EUR
cloud-vps-core-6,cloud-vps-core-6,Cloud VPS,Cloud VPS 6,Networking,Private Networking,Private Networking Enabled,2.29,0,,,,,,EUR
cloud-vps-core-6,cloud-vps-core-6,Cloud VPS,Cloud VPS 6,Region,America,United States (Central),1.6,0,America,United States (Central),US,Central,,EUR
cloud-vps-core-6,cloud-vps-core-6,Cloud VPS,Cloud VPS 6,Region,America,United States (East),2.4,0,America,United States (East),US,East,,EUR
cloud-vps-core-6,cloud-vps-core-6,Cloud VPS,Cloud VPS 6,Region,America,United States (West),2,0,America,United States (West),US,West,,EUR
cloud-vps-core-6,cloud-vps-core-6,Cloud VPS,Cloud VPS 6,Region,Asia,India,3.7,0,Asia,India,IN,,,EUR
cloud-vps-core-6,cloud-vps-core-6,Cloud VPS,Cloud VPS 6,Region,Asia,Japan,4,0,Asia,Japan,JP,,,EUR
cloud-vps-core-6,cloud-vps-core-6,Cloud VPS,Cloud VPS 6,Region,Asia,Singapore,3.95,0,Asia,Singapore,SG,,,EUR
cloud-vps-core-6,cloud-vps-core-6,Cloud VPS,Cloud VPS 6,Region,Australia,Australia,3.3,0,Australia,Australia,AU,,,EUR
cloud-vps-core-6,cloud-vps-core-6,Cloud VPS,Cloud VPS 6,Region,Europe,European Union,0,0,Europe,European Union,EU,,true,EUR
cloud-vps-core-6,cloud-vps-core-6,Cloud VPS,Cloud VPS 6,Region,Europe,United Kingdom,1.6,0,Europe,United Kingdom,UK,,,EUR
cloud-vps-core-6,cloud-vps-core-6,Cloud VPS,Cloud VPS 6,Storage Type,SSD,200 GB SSD,0,0,,,,,true,EUR
cloud-vps-core-6,cloud-vps-core-6,Cloud VPS,Cloud VPS 6,Storage Type,SSD,400 GB SSD,3,0,,,,,,EUR
cloud-vps-core-8,cloud-vps-core-8,Cloud VPS,Cloud VPS 8,Data Protection,Auto Backup,Auto Backup,5,0,,,,,,EUR
cloud-vps-core-8,cloud-vps-core-8,Cloud VPS,Cloud VPS 8,Data Protection,None,No Data Protection,0,0,,,,,true,EUR
cloud-vps-core-8,cloud-vps-core-8,Cloud VPS,Cloud VPS 8,Image,Apps,Coolify Server,0,0,,,,,,EUR
cloud-vps-core-8,cloud-vps-core-8,Cloud VPS,Cloud VPS 8,Image,Apps,Docker,0,0,,,,,,EUR
cloud-vps-core-8,cloud-vps-core-8,Cloud VPS,Cloud VPS 8,Image,Apps,Dokploy Server,0,0,,,,,,EUR
cloud-vps-core-8,cloud-vps-core-8,Cloud VPS,Cloud VPS 8,Image,Apps,GitLab Server,0,0,,,,,,EUR
cloud-vps-core-8,cloud-vps-core-8,Cloud VPS,Cloud VPS 8,Image,Apps,Hermes Agent Server,0,0,,,,,,EUR
cloud-vps-core-8,cloud-vps-core-8,Cloud VPS,Cloud VPS 8,Image,Apps,LAMP,0,0,,,,,,EUR
cloud-vps-core-8,cloud-vps-core-8,Cloud VPS,Cloud VPS 8,Image,Apps,n8n Server,0,0,,,,,,EUR
cloud-vps-core-8,cloud-vps-core-8,Cloud VPS,Cloud VPS 8,Image,Apps,Nextcloud Server,0,0,,,,,,EUR
cloud-vps-core-8,cloud-vps-core-8,Cloud VPS,Cloud VPS 8,Image,Apps,Ollama Server,0,0,,,,,,EUR
cloud-vps-core-8,cloud-vps-core-8,Cloud VPS,Cloud VPS 8,Image,Apps,OpenClaw Server,0,0,,,,,,EUR
cloud-vps-core-8,cloud-vps-core-8,Cloud VPS,Cloud VPS 8,Image,Apps,Paperclip Server,0,0,,,,,,EUR
cloud-vps-core-8,cloud-vps-core-8,Cloud VPS,Cloud VPS 8,Image,Apps,WireGuard Server,0,0,,,,,,EUR
cloud-vps-core-8,cloud-vps-core-8,Cloud VPS,Cloud VPS 8,Image,Apps,Zeroclaw Server,0,0,,,,,,EUR
cloud-vps-core-8,cloud-vps-core-8,Cloud VPS,Cloud VPS 8,Image,Blockchain,Flux Node,0,0,,,,,,EUR
cloud-vps-core-8,cloud-vps-core-8,Cloud VPS,Cloud VPS 8,Image,Blockchain,Horizen Node,0,0,,,,,,EUR
cloud-vps-core-8,cloud-vps-core-8,Cloud VPS,Cloud VPS 8,Image,Blockchain,IPFS Node,0,0,,,,,,EUR
cloud-vps-core-8,cloud-vps-core-8,Cloud VPS,Cloud VPS 8,Image,OS,AlmaLinux 10,0,0,,,,,,EUR
cloud-vps-core-8,cloud-vps-core-8,Cloud VPS,Cloud VPS 8,Image,OS,AlmaLinux 9,0,0,,,,,,EUR
cloud-vps-core-8,cloud-vps-core-8,Cloud VPS,Cloud VPS 8,Image,OS,Arch Linux,0,0,,,,,,EUR
cloud-vps-core-8,cloud-vps-core-8,Cloud VPS,Cloud VPS 8,Image,OS,Debian 12,0,0,,,,,,EUR
cloud-vps-core-8,cloud-vps-core-8,Cloud VPS,Cloud VPS 8,Image,OS,Debian 13,0,0,,,,,,EUR
cloud-vps-core-8,cloud-vps-core-8,Cloud VPS,Cloud VPS 8,Image,OS,FreeBSD 12.2,0,0,,,,,,EUR
cloud-vps-core-8,cloud-vps-core-8,Cloud VPS,Cloud VPS 8,Image,OS,Rocky Linux 10,0,0,,,,,,EUR
cloud-vps-core-8,cloud-vps-core-8,Cloud VPS,Cloud VPS 8,Image,OS,Rocky Linux 8,0,0,,,,,,EUR
cloud-vps-core-8,cloud-vps-core-8,Cloud VPS,Cloud VPS 8,Image,OS,Rocky Linux 9,0,0,,,,,,EUR
cloud-vps-core-8,cloud-vps-core-8,Cloud VPS,Cloud VPS 8,Image,OS,Ubuntu 19.10 (64 Bit),0,0,,,,,,EUR
cloud-vps-core-8,cloud-vps-core-8,Cloud VPS,Cloud VPS 8,Image,OS,Ubuntu 22.04,0,0,,,,,,EUR
cloud-vps-core-8,cloud-vps-core-8,Cloud VPS,Cloud VPS 8,Image,OS,Ubuntu 24.04,0,0,,,,,true,EUR
cloud-vps-core-8,cloud-vps-core-8,Cloud VPS,Cloud VPS 8,Image,OS,Ubuntu 26.04,0,0,,,,,,EUR
cloud-vps-core-8,cloud-vps-core-8,Cloud VPS,Cloud VPS 8,Image,OS,Windows Server Datacenter 2016,28,0,,,,,,EUR
cloud-vps-core-8,cloud-vps-core-8,Cloud VPS,Cloud VPS 8,Image,OS,Windows Server Datacenter 2019,28,0,,,,,,EUR
cloud-vps-core-8,cloud-vps-core-8,Cloud VPS,Cloud VPS 8,Image,OS,Windows Server Datacenter 2022,28,0,,,,,,EUR
cloud-vps-core-8,cloud-vps-core-8,Cloud VPS,Cloud VPS 8,Image,OS,Windows Server Datacenter 2025,28,0,,,,,,EUR
cloud-vps-core-8,cloud-vps-core-8,Cloud VPS,Cloud VPS 8,Image,Panels,cPanel/WHM (5 accounts),21.75,0,,,,,,EUR
cloud-vps-core-8,cloud-vps-core-8,Cloud VPS,Cloud VPS 8,Image,Panels,Plesk Admin Edition,12,0,,,,,,EUR
cloud-vps-core-8,cloud-vps-core-8,Cloud VPS,Cloud VPS 8,Image,Panels,Plesk Host Edition,36.5,0,,,,,,EUR
cloud-vps-core-8,cloud-vps-core-8,Cloud VPS,Cloud VPS 8,Image,Panels,Plesk Pro Edition,19,0,,,,,,EUR
cloud-vps-core-8,cloud-vps-core-8,Cloud VPS,Cloud VPS 8,Image,Panels,Webmin,0,0,,,,,,EUR
cloud-vps-core-8,cloud-vps-core-8,Cloud VPS,Cloud VPS 8,Image,Panels,Webmin + LAMP,0,0,,,,,,EUR
cloud-vps-core-8,cloud-vps-core-8,Cloud VPS,Cloud VPS 8,Networking,Bandwidth,Unlimited Traffic,0,0,,,,,true,EUR
cloud-vps-core-8,cloud-vps-core-8,Cloud VPS,Cloud VPS 8,Networking,IPv4,1 IP Address,0,0,,,,,true,EUR
cloud-vps-core-8,cloud-vps-core-8,Cloud VPS,Cloud VPS 8,Networking,IPv4,Additional IP Address,3.5,0,,,,,,EUR
cloud-vps-core-8,cloud-vps-core-8,Cloud VPS,Cloud VPS 8,Networking,Private Networking,No Private Networking,0,0,,,,,true,EUR
cloud-vps-core-8,cloud-vps-core-8,Cloud VPS,Cloud VPS 8,Networking,Private Networking,Private Networking Enabled,2.29,0,,,,,,EUR
cloud-vps-core-8,cloud-vps-core-8,Cloud VPS,Cloud VPS 8,Region,America,United States (Central),3.25,0,America,United States (Central),US,Central,,EUR
cloud-vps-core-8,cloud-vps-core-8,Cloud VPS,Cloud VPS 8,Region,America,United States (East),4.75,0,America,United States (East),US,East,,EUR
cloud-vps-core-8,cloud-vps-core-8,Cloud VPS,Cloud VPS 8,Region,America,United States (West),4,0,America,United States (West),US,West,,EUR
cloud-vps-core-8,cloud-vps-core-8,Cloud VPS,Cloud VPS 8,Region,Asia,India,7.4,0,Asia,India,IN,,,EUR
cloud-vps-core-8,cloud-vps-core-8,Cloud VPS,Cloud VPS 8,Region,Asia,Japan,8,0,Asia,Japan,JP,,,EUR
cloud-vps-core-8,cloud-vps-core-8,Cloud VPS,Cloud VPS 8,Region,Asia,Singapore,7.85,0,Asia,Singapore,SG,,,EUR
cloud-vps-core-8,cloud-vps-core-8,Cloud VPS,Cloud VPS 8,Region,Australia,Australia,6.6,0,Australia,Australia,AU,,,EUR
cloud-vps-core-8,cloud-vps-core-8,Cloud VPS,Cloud VPS 8,Region,Europe,European Union,0,0,Europe,European Union,EU,,true,EUR
cloud-vps-core-8,cloud-vps-core-8,Cloud VPS,Cloud VPS 8,Region,Europe,United Kingdom,3.25,0,Europe,United Kingdom,UK,,,EUR
cloud-vps-core-8,cloud-vps-core-8,Cloud VPS,Cloud VPS 8,Storage Type,SSD,300 GB SSD,0,0,,,,,true,EUR
cloud-vps-core-8,cloud-vps-core-8,Cloud VPS,Cloud VPS 8,Storage Type,SSD,600 GB SSD,4.5,0,,,,,,EUR
cloud-vps-core-12,cloud-vps-core-12,Cloud VPS,Cloud VPS 12,Data Protection,Auto Backup,Auto Backup,6.7,0,,,,,,EUR
cloud-vps-core-12,cloud-vps-core-12,Cloud VPS,Cloud VPS 12,Data Protection,None,No Data Protection,0,0,,,,,true,EUR
cloud-vps-core-12,cloud-vps-core-12,Cloud VPS,Cloud VPS 12,Image,Apps,Coolify Server,0,0,,,,,,EUR
cloud-vps-core-12,cloud-vps-core-12,Cloud VPS,Cloud VPS 12,Image,Apps,Docker,0,0,,,,,,EUR
cloud-vps-core-12,cloud-vps-core-12,Cloud VPS,Cloud VPS 12,Image,Apps,Dokploy Server,0,0,,,,,,EUR
cloud-vps-core-12,cloud-vps-core-12,Cloud VPS,Cloud VPS 12,Image,Apps,GitLab Server,0,0,,,,,,EUR
cloud-vps-core-12,cloud-vps-core-12,Cloud VPS,Cloud VPS 12,Image,Apps,Hermes Agent Server,0,0,,,,,,EUR
cloud-vps-core-12,cloud-vps-core-12,Cloud VPS,Cloud VPS 12,Image,Apps,LAMP,0,0,,,,,,EUR
cloud-vps-core-12,cloud-vps-core-12,Cloud VPS,Cloud VPS 12,Image,Apps,n8n Server,0,0,,,,,,EUR
cloud-vps-core-12,cloud-vps-core-12,Cloud VPS,Cloud VPS 12,Image,Apps,Nextcloud Server,0,0,,,,,,EUR
cloud-vps-core-12,cloud-vps-core-12,Cloud VPS,Cloud VPS 12,Image,Apps,Ollama Server,0,0,,,,,,EUR
cloud-vps-core-12,cloud-vps-core-12,Cloud VPS,Cloud VPS 12,Image,Apps,OpenClaw Server,0,0,,,,,,EUR
cloud-vps-core-12,cloud-vps-core-12,Cloud VPS,Cloud VPS 12,Image,Apps,Paperclip Server,0,0,,,,,,EUR
cloud-vps-core-12,cloud-vps-core-12,Cloud VPS,Cloud VPS 12,Image,Apps,WireGuard Server,0,0,,,,,,EUR
cloud-vps-core-12,cloud-vps-core-12,Cloud VPS,Cloud VPS 12,Image,Apps,Zeroclaw Server,0,0,,,,,,EUR
cloud-vps-core-12,cloud-vps-core-12,Cloud VPS,Cloud VPS 12,Image,Blockchain,Flux Node,0,0,,,,,,EUR
cloud-vps-core-12,cloud-vps-core-12,Cloud VPS,Cloud VPS 12,Image,Blockchain,Horizen Node,0,0,,,,,,EUR
cloud-vps-core-12,cloud-vps-core-12,Cloud VPS,Cloud VPS 12,Image,Blockchain,IPFS Node,0,0,,,,,,EUR
cloud-vps-core-12,cloud-vps-core-12,Cloud VPS,Cloud VPS 12,Image,OS,AlmaLinux 10,0,0,,,,,,EUR
cloud-vps-core-12,cloud-vps-core-12,Cloud VPS,Cloud VPS 12,Image,OS,AlmaLinux 9,0,0,,,,,,EUR
cloud-vps-core-12,cloud-vps-core-12,Cloud VPS,Cloud VPS 12,Image,OS,Arch Linux,0,0,,,,,,EUR
cloud-vps-core-12,cloud-vps-core-12,Cloud VPS,Cloud VPS 12,Image,OS,Debian 12,0,0,,,,,,EUR
cloud-vps-core-12,cloud-vps-core-12,Cloud VPS,Cloud VPS 12,Image,OS,Debian 13,0,0,,,,,,EUR
cloud-vps-core-12,cloud-vps-core-12,Cloud VPS,Cloud VPS 12,Image,OS,FreeBSD 12.2,0,0,,,,,,EUR
cloud-vps-core-12,cloud-vps-core-12,Cloud VPS,Cloud VPS 12,Image,OS,Rocky Linux 10,0,0,,,,,,EUR
cloud-vps-core-12,cloud-vps-core-12,Cloud VPS,Cloud VPS 12,Image,OS,Rocky Linux 8,0,0,,,,,,EUR
cloud-vps-core-12,cloud-vps-core-12,Cloud VPS,Cloud VPS 12,Image,OS,Rocky Linux 9,0,0,,,,,,EUR
cloud-vps-core-12,cloud-vps-core-12,Cloud VPS,Cloud VPS 12,Image,OS,Ubuntu 19.10 (64 Bit),0,0,,,,,,EUR
cloud-vps-core-12,cloud-vps-core-12,Cloud VPS,Cloud VPS 12,Image,OS,Ubuntu 22.04,0,0,,,,,,EUR
cloud-vps-core-12,cloud-vps-core-12,Cloud VPS,Cloud VPS 12,Image,OS,Ubuntu 24.04,0,0,,,,,true,EUR
cloud-vps-core-12,cloud-vps-core-12,Cloud VPS,Cloud VPS 12,Image,OS,Ubuntu 26.04,0,0,,,,,,EUR
cloud-vps-core-12,cloud-vps-core-12,Cloud VPS,Cloud VPS 12,Image,OS,Windows Server Datacenter 2016,53,0,,,,,,EUR
cloud-vps-core-12,cloud-vps-core-12,Cloud VPS,Cloud VPS 12,Image,OS,Windows Server Datacenter 2019,53,0,,,,,,EUR
cloud-vps-core-12,cloud-vps-core-12,Cloud VPS,Cloud VPS 12,Image,OS,Windows Server Datacenter 2022,53,0,,,,,,EUR
cloud-vps-core-12,cloud-vps-core-12,Cloud VPS,Cloud VPS 12,Image,OS,Windows Server Datacenter 2025,53,0,,,,,,EUR
cloud-vps-core-12,cloud-vps-core-12,Cloud VPS,Cloud VPS 12,Image,Panels,cPanel/WHM (5 accounts),21.75,0,,,,,,EUR
cloud-vps-core-12,cloud-vps-core-12,Cloud VPS,Cloud VPS 12,Image,Panels,Plesk Admin Edition,12,0,,,,,,EUR
cloud-vps-core-12,cloud-vps-core-12,Cloud VPS,Cloud VPS 12,Image,Panels,Plesk Host Edition,36.5,0,,,,,,EUR
cloud-vps-core-12,cloud-vps-core-12,Cloud VPS,Cloud VPS 12,Image,Panels,Plesk Pro Edition,19,0,,,,,,EUR
cloud-vps-core-12,cloud-vps-core-12,Cloud VPS,Cloud VPS 12,Image,Panels,Webmin,0,0,,,,,,EUR
cloud-vps-core-12,cloud-vps-core-12,Cloud VPS,Cloud VPS 12,Image,Panels,Webmin + LAMP,0,0,,,,,,EUR
cloud-vps-core-12,cloud-vps-core-12,Cloud VPS,Cloud VPS 12,Networking,Bandwidth,Unlimited Traffic,0,0,,,,,true,EUR
cloud-vps-core-12,cloud-vps-core-12,Cloud VPS,Cloud VPS 12,Networking,IPv4,1 IP Address,0,0,,,,,true,EUR
cloud-vps-core-12,cloud-vps-core-12,Cloud VPS,Cloud VPS 12,Networking,IPv4,Additional IP Address,3.5,0,,,,,,EUR
cloud-vps-core-12,cloud-vps-core-12,Cloud VPS,Cloud VPS 12,Networking,Private Networking,No Private Networking,0,0,,,,,true,EUR
cloud-vps-core-12,cloud-vps-core-12,Cloud VPS,Cloud VPS 12,Networking,Private Networking,Private Networking Enabled,2.29,0,,,,,,EUR
cloud-vps-core-12,cloud-vps-core-12,Cloud VPS,Cloud VPS 12,Region,America,United States (Central),5.8,0,America,United States (Central),US,Central,,EUR
cloud-vps-core-12,cloud-vps-core-12,Cloud VPS,Cloud VPS 12,Region,America,United States (East),8.55,0,America,United States (East),US,East,,EUR
cloud-vps-core-12,cloud-vps-core-12,Cloud VPS,Cloud VPS 12,Region,America,United States (West),7.15,0,America,United States (West),US,West,,EUR
cloud-vps-core-12,cloud-vps-core-12,Cloud VPS,Cloud VPS 12,Region,Asia,India,13.2,0,Asia,India,IN,,,EUR
cloud-vps-core-12,cloud-vps-core-12,Cloud VPS,Cloud VPS 12,Region,Asia,Japan,14.3,0,Asia,Japan,JP,,,EUR
cloud-vps-core-12,cloud-vps-core-12,Cloud VPS,Cloud VPS 12,Region,Asia,Singapore,14.05,0,Asia,Singapore,SG,,,EUR
cloud-vps-core-12,cloud-vps-core-12,Cloud VPS,Cloud VPS 12,Region,Australia,Australia,11.85,0,Australia,Australia,AU,,,EUR
cloud-vps-core-12,cloud-vps-core-12,Cloud VPS,Cloud VPS 12,Region,Europe,European Union,0,0,Europe,European Union,EU,,true,EUR
cloud-vps-core-12,cloud-vps-core-12,Cloud VPS,Cloud VPS 12,Region,Europe,United Kingdom,5.8,0,Europe,United Kingdom,UK,,,EUR
cloud-vps-core-12,cloud-vps-core-12,Cloud VPS,Cloud VPS 12,Storage Type,SSD,400 GB SSD,0,0,,,,,true,EUR
cloud-vps-core-12,cloud-vps-core-12,Cloud VPS,Cloud VPS 12,Storage Type,SSD,800 GB SSD,6,0,,,,,,EUR
cloud-vps-core-16,cloud-vps-core-16,Cloud VPS,Cloud VPS 16,Data Protection,Auto Backup,Auto Backup,8.35,0,,,,,,EUR
cloud-vps-core-16,cloud-vps-core-16,Cloud VPS,Cloud VPS 16,Data Protection,None,No Data Protection,0,0,,,,,true,EUR
cloud-vps-core-16,cloud-vps-core-16,Cloud VPS,Cloud VPS 16,Image,Apps,Coolify Server,0,0,,,,,,EUR
cloud-vps-core-16,cloud-vps-core-16,Cloud VPS,Cloud VPS 16,Image,Apps,Docker,0,0,,,,,,EUR
cloud-vps-core-16,cloud-vps-core-16,Cloud VPS,Cloud VPS 16,Image,Apps,Dokploy Server,0,0,,,,,,EUR
cloud-vps-core-16,cloud-vps-core-16,Cloud VPS,Cloud VPS 16,Image,Apps,GitLab Server,0,0,,,,,,EUR
cloud-vps-core-16,cloud-vps-core-16,Cloud VPS,Cloud VPS 16,Image,Apps,Hermes Agent Server,0,0,,,,,,EUR
cloud-vps-core-16,cloud-vps-core-16,Cloud VPS,Cloud VPS 16,Image,Apps,LAMP,0,0,,,,,,EUR
cloud-vps-core-16,cloud-vps-core-16,Cloud VPS,Cloud VPS 16,Image,Apps,n8n Server,0,0,,,,,,EUR
cloud-vps-core-16,cloud-vps-core-16,Cloud VPS,Cloud VPS 16,Image,Apps,Nextcloud Server,0,0,,,,,,EUR
cloud-vps-core-16,cloud-vps-core-16,Cloud VPS,Cloud VPS 16,Image,Apps,Ollama Server,0,0,,,,,,EUR
cloud-vps-core-16,cloud-vps-core-16,Cloud VPS,Cloud VPS 16,Image,Apps,OpenClaw Server,0,0,,,,,,EUR
cloud-vps-core-16,cloud-vps-core-16,Cloud VPS,Cloud VPS 16,Image,Apps,Paperclip Server,0,0,,,,,,EUR
cloud-vps-core-16,cloud-vps-core-16,Cloud VPS,Cloud VPS 16,Image,Apps,WireGuard Server,0,0,,,,,,EUR
cloud-vps-core-16,cloud-vps-core-16,Cloud VPS,Cloud VPS 16,Image,Apps,Zeroclaw Server,0,0,,,,,,EUR
cloud-vps-core-16,cloud-vps-core-16,Cloud VPS,Cloud VPS 16,Image,Blockchain,Flux Node,0,0,,,,,,EUR
cloud-vps-core-16,cloud-vps-core-16,Cloud VPS,Cloud VPS 16,Image,Blockchain,Horizen Node,0,0,,,,,,EUR
cloud-vps-core-16,cloud-vps-core-16,Cloud VPS,Cloud VPS 16,Image,Blockchain,IPFS Node,0,0,,,,,,EUR
cloud-vps-core-16,cloud-vps-core-16,Cloud VPS,Cloud VPS 16,Image,OS,AlmaLinux 10,0,0,,,,,,EUR
cloud-vps-core-16,cloud-vps-core-16,Cloud VPS,Cloud VPS 16,Image,OS,AlmaLinux 9,0,0,,,,,,EUR
cloud-vps-core-16,cloud-vps-core-16,Cloud VPS,Cloud VPS 16,Image,OS,Arch Linux,0,0,,,,,,EUR
cloud-vps-core-16,cloud-vps-core-16,Cloud VPS,Cloud VPS 16,Image,OS,Debian 12,0,0,,,,,,EUR
cloud-vps-core-16,cloud-vps-core-16,Cloud VPS,Cloud VPS 16,Image,OS,Debian 13,0,0,,,,,,EUR
cloud-vps-core-16,cloud-vps-core-16,Cloud VPS,Cloud VPS 16,Image,OS,FreeBSD 12.2,0,0,,,,,,EUR
cloud-vps-core-16,cloud-vps-core-16,Cloud VPS,Cloud VPS 16,Image,OS,Rocky Linux 10,0,0,,,,,,EUR
cloud-vps-core-16,cloud-vps-core-16,Cloud VPS,Cloud VPS 16,Image,OS,Rocky Linux 8,0,0,,,,,,EUR
cloud-vps-core-16,cloud-vps-core-16,Cloud VPS,Cloud VPS 16,Image,OS,Rocky Linux 9,0,0,,,,,,EUR
cloud-vps-core-16,cloud-vps-core-16,Cloud VPS,Cloud VPS 16,Image,OS,Ubuntu 19.10 (64 Bit),0,0,,,,,,EUR
cloud-vps-core-16,cloud-vps-core-16,Cloud VPS,Cloud VPS 16,Image,OS,Ubuntu 22.04,0,0,,,,,,EUR
cloud-vps-core-16,cloud-vps-core-16,Cloud VPS,Cloud VPS 16,Image,OS,Ubuntu 24.04,0,0,,,,,true,EUR
cloud-vps-core-16,cloud-vps-core-16,Cloud VPS,Cloud VPS 16,Image,OS,Ubuntu 26.04,0,0,,,,,,EUR
cloud-vps-core-16,cloud-vps-core-16,Cloud VPS,Cloud VPS 16,Image,OS,Windows Server Datacenter 2016,63,0,,,,,,EUR
cloud-vps-core-16,cloud-vps-core-16,Cloud VPS,Cloud VPS 16,Image,OS,Windows Server Datacenter 2019,63,0,,,,,,EUR
cloud-vps-core-16,cloud-vps-core-16,Cloud VPS,Cloud VPS 16,Image,OS,Windows Server Datacenter 2022,63,0,,,,,,EUR
cloud-vps-core-16,cloud-vps-core-16,Cloud VPS,Cloud VPS 16,Image,OS,Windows Server Datacenter 2025,63,0,,,,,,EUR
cloud-vps-core-16,cloud-vps-core-16,Cloud VPS,Cloud VPS 16,Image,Panels,cPanel/WHM (5 accounts),21.75,0,,,,,,EUR
cloud-vps-core-16,cloud-vps-core-16,Cloud VPS,Cloud VPS 16,Image,Panels,Plesk Admin Edition,12,0,,,,,,EUR
cloud-vps-core-16,cloud-vps-core-16,Cloud VPS,Cloud VPS 16,Image,Panels,Plesk Host Edition,36.5,0,,,,,,EUR
cloud-vps-core-16,cloud-vps-core-16,Cloud VPS,Cloud VPS 16,Image,Panels,Plesk Pro Edition,19,0,,,,,,EUR
cloud-vps-core-16,cloud-vps-core-16,Cloud VPS,Cloud VPS 16,Image,Panels,Webmin,0,0,,,,,,EUR
cloud-vps-core-16,cloud-vps-core-16,Cloud VPS,Cloud VPS 16,Image,Panels,Webmin + LAMP,0,0,,,,,,EUR
cloud-vps-core-16,cloud-vps-core-16,Cloud VPS,Cloud VPS 16,Networking,Bandwidth,Unlimited Traffic,0,0,,,,,true,EUR
cloud-vps-core-16,cloud-vps-core-16,Cloud VPS,Cloud VPS 16,Networking,IPv4,1 IP Address,0,0,,,,,true,EUR
cloud-vps-core-16,cloud-vps-core-16,Cloud VPS,Cloud VPS 16,Networking,IPv4,Additional IP Address,3.5,0,,,,,,EUR
cloud-vps-core-16,cloud-vps-core-16,Cloud VPS,Cloud VPS 16,Networking,Private Networking,No Private Networking,0,0,,,,,true,EUR
cloud-vps-core-16,cloud-vps-core-16,Cloud VPS,Cloud VPS 16,Networking,Private Networking,Private Networking Enabled,2.29,0,,,,,,EUR
cloud-vps-core-16,cloud-vps-core-16,Cloud VPS,Cloud VPS 16,Region,America,United States (Central),8.55,0,America,United States (Central),US,Central,,EUR
cloud-vps-core-16,cloud-vps-core-16,Cloud VPS,Cloud VPS 16,Region,America,United States (East),12.6,0,America,United States (East),US,East,,EUR
cloud-vps-core-16,cloud-vps-core-16,Cloud VPS,Cloud VPS 16,Region,America,United States (West),10.6,0,America,United States (West),US,West,,EUR
cloud-vps-core-16,cloud-vps-core-16,Cloud VPS,Cloud VPS 16,Region,Asia,India,19.55,0,Asia,India,IN,,,EUR
cloud-vps-core-16,cloud-vps-core-16,Cloud VPS,Cloud VPS 16,Region,Asia,Japan,21.15,0,Asia,Japan,JP,,,EUR
cloud-vps-core-16,cloud-vps-core-16,Cloud VPS,Cloud VPS 16,Region,Asia,Singapore,20.75,0,Asia,Singapore,SG,,,EUR
cloud-vps-core-16,cloud-vps-core-16,Cloud VPS,Cloud VPS 16,Region,Australia,Australia,17.5,0,Australia,Australia,AU,,,EUR
cloud-vps-core-16,cloud-vps-core-16,Cloud VPS,Cloud VPS 16,Region,Europe,European Union,0,0,Europe,European Union,EU,,true,EUR
cloud-vps-core-16,cloud-vps-core-16,Cloud VPS,Cloud VPS 16,Region,Europe,United Kingdom,8.55,0,Europe,United Kingdom,UK,,,EUR
cloud-vps-core-16,cloud-vps-core-16,Cloud VPS,Cloud VPS 16,Storage Type,SSD,1 TB SSD,7.5,0,,,,,,EUR
cloud-vps-core-16,cloud-vps-core-16,Cloud VPS,Cloud VPS 16,Storage Type,SSD,500 GB SSD,0,0,,,,,true,EUR
cloud-vps-core-18,cloud-vps-core-18,Cloud VPS,Cloud VPS 18,Data Protection,Auto Backup,Auto Backup,10,0,,,,,,EUR
cloud-vps-core-18,cloud-vps-core-18,Cloud VPS,Cloud VPS 18,Data Protection,None,No Data Protection,0,0,,,,,true,EUR
cloud-vps-core-18,cloud-vps-core-18,Cloud VPS,Cloud VPS 18,Image,Apps,Coolify Server,0,0,,,,,,EUR
cloud-vps-core-18,cloud-vps-core-18,Cloud VPS,Cloud VPS 18,Image,Apps,Docker,0,0,,,,,,EUR
cloud-vps-core-18,cloud-vps-core-18,Cloud VPS,Cloud VPS 18,Image,Apps,Dokploy Server,0,0,,,,,,EUR
cloud-vps-core-18,cloud-vps-core-18,Cloud VPS,Cloud VPS 18,Image,Apps,GitLab Server,0,0,,,,,,EUR
cloud-vps-core-18,cloud-vps-core-18,Cloud VPS,Cloud VPS 18,Image,Apps,Hermes Agent Server,0,0,,,,,,EUR
cloud-vps-core-18,cloud-vps-core-18,Cloud VPS,Cloud VPS 18,Image,Apps,LAMP,0,0,,,,,,EUR
cloud-vps-core-18,cloud-vps-core-18,Cloud VPS,Cloud VPS 18,Image,Apps,n8n Server,0,0,,,,,,EUR
cloud-vps-core-18,cloud-vps-core-18,Cloud VPS,Cloud VPS 18,Image,Apps,Nextcloud Server,0,0,,,,,,EUR
cloud-vps-core-18,cloud-vps-core-18,Cloud VPS,Cloud VPS 18,Image,Apps,Ollama Server,0,0,,,,,,EUR
cloud-vps-core-18,cloud-vps-core-18,Cloud VPS,Cloud VPS 18,Image,Apps,OpenClaw Server,0,0,,,,,,EUR
cloud-vps-core-18,cloud-vps-core-18,Cloud VPS,Cloud VPS 18,Image,Apps,Paperclip Server,0,0,,,,,,EUR
cloud-vps-core-18,cloud-vps-core-18,Cloud VPS,Cloud VPS 18,Image,Apps,WireGuard Server,0,0,,,,,,EUR
cloud-vps-core-18,cloud-vps-core-18,Cloud VPS,Cloud VPS 18,Image,Apps,Zeroclaw Server,0,0,,,,,,EUR
cloud-vps-core-18,cloud-vps-core-18,Cloud VPS,Cloud VPS 18,Image,Blockchain,Flux Node,0,0,,,,,,EUR
cloud-vps-core-18,cloud-vps-core-18,Cloud VPS,Cloud VPS 18,Image,Blockchain,Horizen Node,0,0,,,,,,EUR
cloud-vps-core-18,cloud-vps-core-18,Cloud VPS,Cloud VPS 18,Image,Blockchain,IPFS Node,0,0,,,,,,EUR
cloud-vps-core-18,cloud-vps-core-18,Cloud VPS,Cloud VPS 18,Image,OS,AlmaLinux 10,0,0,,,,,,EUR
cloud-vps-core-18,cloud-vps-core-18,Cloud VPS,Cloud VPS 18,Image,OS,AlmaLinux 9,0,0,,,,,,EUR
cloud-vps-core-18,cloud-vps-core-18,Cloud VPS,Cloud VPS 18,Image,OS,Arch Linux,0,0,,,,,,EUR
cloud-vps-core-18,cloud-vps-core-18,Cloud VPS,Cloud VPS 18,Image,OS,Debian 12,0,0,,,,,,EUR
cloud-vps-core-18,cloud-vps-core-18,Cloud VPS,Cloud VPS 18,Image,OS,Debian 13,0,0,,,,,,EUR
cloud-vps-core-18,cloud-vps-core-18,Cloud VPS,Cloud VPS 18,Image,OS,FreeBSD 12.2,0,0,,,,,,EUR
cloud-vps-core-18,cloud-vps-core-18,Cloud VPS,Cloud VPS 18,Image,OS,Rocky Linux 10,0,0,,,,,,EUR
cloud-vps-core-18,cloud-vps-core-18,Cloud VPS,Cloud VPS 18,Image,OS,Rocky Linux 8,0,0,,,,,,EUR
cloud-vps-core-18,cloud-vps-core-18,Cloud VPS,Cloud VPS 18,Image,OS,Rocky Linux 9,0,0,,,,,,EUR
cloud-vps-core-18,cloud-vps-core-18,Cloud VPS,Cloud VPS 18,Image,OS,Ubuntu 19.10 (64 Bit),0,0,,,,,,EUR
cloud-vps-core-18,cloud-vps-core-18,Cloud VPS,Cloud VPS 18,Image,OS,Ubuntu 22.04,0,0,,,,,,EUR
cloud-vps-core-18,cloud-vps-core-18,Cloud VPS,Cloud VPS 18,Image,OS,Ubuntu 24.04,0,0,,,,,true,EUR
cloud-vps-core-18,cloud-vps-core-18,Cloud VPS,Cloud VPS 18,Image,OS,Ubuntu 26.04,0,0,,,,,,EUR
cloud-vps-core-18,cloud-vps-core-18,Cloud VPS,Cloud VPS 18,Image,OS,Windows Server Datacenter 2016,77,0,,,,,,EUR
cloud-vps-core-18,cloud-vps-core-18,Cloud VPS,Cloud VPS 18,Image,OS,Windows Server Datacenter 2019,77,0,,,,,,EUR
cloud-vps-core-18,cloud-vps-core-18,Cloud VPS,Cloud VPS 18,Image,OS,Windows Server Datacenter 2022,77,0,,,,,,EUR
cloud-vps-core-18,cloud-vps-core-18,Cloud VPS,Cloud VPS 18,Image,OS,Windows Server Datacenter 2025,77,0,,,,,,EUR
cloud-vps-core-18,cloud-vps-core-18,Cloud VPS,Cloud VPS 18,Image,Panels,cPanel/WHM (5 accounts),21.75,0,,,,,,EUR
cloud-vps-core-18,cloud-vps-core-18,Cloud VPS,Cloud VPS 18,Image,Panels,Plesk Admin Edition,12,0,,,,,,EUR
cloud-vps-core-18,cloud-vps-core-18,Cloud VPS,Cloud VPS 18,Image,Panels,Plesk Host Edition,36.5,0,,,,,,EUR
cloud-vps-core-18,cloud-vps-core-18,Cloud VPS,Cloud VPS 18,Image,Panels,Plesk Pro Edition,19,0,,,,,,EUR
cloud-vps-core-18,cloud-vps-core-18,Cloud VPS,Cloud VPS 18,Image,Panels,Webmin,0,0,,,,,,EUR
cloud-vps-core-18,cloud-vps-core-18,Cloud VPS,Cloud VPS 18,Image,Panels,Webmin + LAMP,0,0,,,,,,EUR
cloud-vps-core-18,cloud-vps-core-18,Cloud VPS,Cloud VPS 18,Networking,Bandwidth,Unlimited Traffic,0,0,,,,,true,EUR
cloud-vps-core-18,cloud-vps-core-18,Cloud VPS,Cloud VPS 18,Networking,IPv4,1 IP Address,0,0,,,,,true,EUR
cloud-vps-core-18,cloud-vps-core-18,Cloud VPS,Cloud VPS 18,Networking,IPv4,Additional IP Address,3.5,0,,,,,,EUR
cloud-vps-core-18,cloud-vps-core-18,Cloud VPS,Cloud VPS 18,Networking,Private Networking,No Private Networking,0,0,,,,,true,EUR
cloud-vps-core-18,cloud-vps-core-18,Cloud VPS,Cloud VPS 18,Networking,Private Networking,Private Networking Enabled,2.29,0,,,,,,EUR
cloud-vps-core-18,cloud-vps-core-18,Cloud VPS,Cloud VPS 18,Region,America,United States (Central),11.3,0,America,United States (Central),US,Central,,EUR
cloud-vps-core-18,cloud-vps-core-18,Cloud VPS,Cloud VPS 18,Region,America,United States (East),16.7,0,America,United States (East),US,East,,EUR
cloud-vps-core-18,cloud-vps-core-18,Cloud VPS,Cloud VPS 18,Region,America,United States (West),14,0,America,United States (West),US,West,,EUR
cloud-vps-core-18,cloud-vps-core-18,Cloud VPS,Cloud VPS 18,Region,Asia,India,25.85,0,Asia,India,IN,,,EUR
cloud-vps-core-18,cloud-vps-core-18,Cloud VPS,Cloud VPS 18,Region,Asia,Japan,28.05,0,Asia,Japan,JP,,,EUR
cloud-vps-core-18,cloud-vps-core-18,Cloud VPS,Cloud VPS 18,Region,Asia,Singapore,27.5,0,Asia,Singapore,SG,,,EUR
cloud-vps-core-18,cloud-vps-core-18,Cloud VPS,Cloud VPS 18,Region,Australia,Australia,23.2,0,Australia,Australia,AU,,,EUR
cloud-vps-core-18,cloud-vps-core-18,Cloud VPS,Cloud VPS 18,Region,Europe,European Union,0,0,Europe,European Union,EU,,true,EUR
cloud-vps-core-18,cloud-vps-core-18,Cloud VPS,Cloud VPS 18,Region,Europe,United Kingdom,11.3,0,Europe,United Kingdom,UK,,,EUR
cloud-vps-core-18,cloud-vps-core-18,Cloud VPS,Cloud VPS 18,Storage Type,SSD,1.2 TB SSD,9,0,,,,,,EUR
cloud-vps-core-18,cloud-vps-core-18,Cloud VPS,Cloud VPS 18,Storage Type,SSD,600 GB SSD,0,0,,,,,true,EUR
cloud-vps-plus-4,cloud-vps-plus-4,Cloud VPS,Cloud VPS Plus 4,Data Protection,Auto Backup,Auto Backup,2.5,0,,,,,,EUR
cloud-vps-plus-4,cloud-vps-plus-4,Cloud VPS,Cloud VPS Plus 4,Data Protection,None,No Data Protection,0,0,,,,,true,EUR
cloud-vps-plus-4,cloud-vps-plus-4,Cloud VPS,Cloud VPS Plus 4,Image,Apps,Coolify Server,0,0,,,,,,EUR
cloud-vps-plus-4,cloud-vps-plus-4,Cloud VPS,Cloud VPS Plus 4,Image,Apps,Docker,0,0,,,,,,EUR
cloud-vps-plus-4,cloud-vps-plus-4,Cloud VPS,Cloud VPS Plus 4,Image,Apps,Dokploy Server,0,0,,,,,,EUR
cloud-vps-plus-4,cloud-vps-plus-4,Cloud VPS,Cloud VPS Plus 4,Image,Apps,GitLab Server,0,0,,,,,,EUR
cloud-vps-plus-4,cloud-vps-plus-4,Cloud VPS,Cloud VPS Plus 4,Image,Apps,Hermes Agent Server,0,0,,,,,,EUR
cloud-vps-plus-4,cloud-vps-plus-4,Cloud VPS,Cloud VPS Plus 4,Image,Apps,LAMP,0,0,,,,,,EUR
cloud-vps-plus-4,cloud-vps-plus-4,Cloud VPS,Cloud VPS Plus 4,Image,Apps,n8n Server,0,0,,,,,,EUR
cloud-vps-plus-4,cloud-vps-plus-4,Cloud VPS,Cloud VPS Plus 4,Image,Apps,Nextcloud Server,0,0,,,,,,EUR
cloud-vps-plus-4,cloud-vps-plus-4,Cloud VPS,Cloud VPS Plus 4,Image,Apps,OpenClaw Server,0,0,,,,,,EUR
cloud-vps-plus-4,cloud-vps-plus-4,Cloud VPS,Cloud VPS Plus 4,Image,Apps,Paperclip Server,0,0,,,,,,EUR
cloud-vps-plus-4,cloud-vps-plus-4,Cloud VPS,Cloud VPS Plus 4,Image,Apps,WireGuard Server,0,0,,,,,,EUR
cloud-vps-plus-4,cloud-vps-plus-4,Cloud VPS,Cloud VPS Plus 4,Image,Apps,Zeroclaw Server,0,0,,,,,,EUR
cloud-vps-plus-4,cloud-vps-plus-4,Cloud VPS,Cloud VPS Plus 4,Image,Blockchain,Flux Node,0,0,,,,,,EUR
cloud-vps-plus-4,cloud-vps-plus-4,Cloud VPS,Cloud VPS Plus 4,Image,Blockchain,Horizen Node,0,0,,,,,,EUR
cloud-vps-plus-4,cloud-vps-plus-4,Cloud VPS,Cloud VPS Plus 4,Image,Blockchain,IPFS Node,0,0,,,,,,EUR
cloud-vps-plus-4,cloud-vps-plus-4,Cloud VPS,Cloud VPS Plus 4,Image,OS,AlmaLinux 9,0,0,,,,,,EUR
cloud-vps-plus-4,cloud-vps-plus-4,Cloud VPS,Cloud VPS Plus 4,Image,OS,Arch Linux,0,0,,,,,,EUR
cloud-vps-plus-4,cloud-vps-plus-4,Cloud VPS,Cloud VPS Plus 4,Image,OS,Debian 12,0,0,,,,,,EUR
cloud-vps-plus-4,cloud-vps-plus-4,Cloud VPS,Cloud VPS Plus 4,Image,OS,Debian 13,0,0,,,,,,EUR
cloud-vps-plus-4,cloud-vps-plus-4,Cloud VPS,Cloud VPS Plus 4,Image,OS,FreeBSD 12.2,0,0,,,,,,EUR
cloud-vps-plus-4,cloud-vps-plus-4,Cloud VPS,Cloud VPS Plus 4,Image,OS,Rocky Linux 10,0,0,,,,,,EUR
cloud-vps-plus-4,cloud-vps-plus-4,Cloud VPS,Cloud VPS Plus 4,Image,OS,Rocky Linux 8,0,0,,,,,,EUR
cloud-vps-plus-4,cloud-vps-plus-4,Cloud VPS,Cloud VPS Plus 4,Image,OS,Rocky Linux 9,0,0,,,,,,EUR
cloud-vps-plus-4,cloud-vps-plus-4,Cloud VPS,Cloud VPS Plus 4,Image,OS,Ubuntu 19.10 (64 Bit),0,0,,,,,,EUR
cloud-vps-plus-4,cloud-vps-plus-4,Cloud VPS,Cloud VPS Plus 4,Image,OS,Ubuntu 22.04,0,0,,,,,,EUR
cloud-vps-plus-4,cloud-vps-plus-4,Cloud VPS,Cloud VPS Plus 4,Image,OS,Ubuntu 24.04,0,0,,,,,true,EUR
cloud-vps-plus-4,cloud-vps-plus-4,Cloud VPS,Cloud VPS Plus 4,Image,OS,Ubuntu 26.04,0,0,,,,,,EUR
cloud-vps-plus-4,cloud-vps-plus-4,Cloud VPS,Cloud VPS Plus 4,Image,OS,Windows Server Datacenter 2016,12,0,,,,,,EUR
cloud-vps-plus-4,cloud-vps-plus-4,Cloud VPS,Cloud VPS Plus 4,Image,OS,Windows Server Datacenter 2019,12,0,,,,,,EUR
cloud-vps-plus-4,cloud-vps-plus-4,Cloud VPS,Cloud VPS Plus 4,Image,OS,Windows Server Datacenter 2022,12,0,,,,,,EUR
cloud-vps-plus-4,cloud-vps-plus-4,Cloud VPS,Cloud VPS Plus 4,Image,OS,Windows Server Datacenter 2025,12,0,,,,,,EUR
cloud-vps-plus-4,cloud-vps-plus-4,Cloud VPS,Cloud VPS Plus 4,Image,Panels,cPanel/WHM (5 accounts),21.75,0,,,,,,EUR
cloud-vps-plus-4,cloud-vps-plus-4,Cloud VPS,Cloud VPS Plus 4,Image,Panels,Plesk Admin Edition,12,0,,,,,,EUR
cloud-vps-plus-4,cloud-vps-plus-4,Cloud VPS,Cloud VPS Plus 4,Image,Panels,Plesk Host Edition,36.5,0,,,,,,EUR
cloud-vps-plus-4,cloud-vps-plus-4,Cloud VPS,Cloud VPS Plus 4,Image,Panels,Plesk Pro Edition,19,0,,,,,,EUR
cloud-vps-plus-4,cloud-vps-plus-4,Cloud VPS,Cloud VPS Plus 4,Image,Panels,Webmin,0,0,,,,,,EUR
cloud-vps-plus-4,cloud-vps-plus-4,Cloud VPS,Cloud VPS Plus 4,Image,Panels,Webmin + LAMP,0,0,,,,,,EUR
cloud-vps-plus-4,cloud-vps-plus-4,Cloud VPS,Cloud VPS Plus 4,Networking,Bandwidth,Unlimited Traffic,0,0,,,,,true,EUR
cloud-vps-plus-4,cloud-vps-plus-4,Cloud VPS,Cloud VPS Plus 4,Networking,IPv4,1 IP Address,0,0,,,,,true,EUR
cloud-vps-plus-4,cloud-vps-plus-4,Cloud VPS,Cloud VPS Plus 4,Networking,IPv4,Additional IP Address,3.5,0,,,,,,EUR
cloud-vps-plus-4,cloud-vps-plus-4,Cloud VPS,Cloud VPS Plus 4,Networking,Private Networking,No Private Networking,0,0,,,,,true,EUR
cloud-vps-plus-4,cloud-vps-plus-4,Cloud VPS,Cloud VPS Plus 4,Networking,Private Networking,Private Networking Enabled,2.29,0,,,,,,EUR
cloud-vps-plus-4,cloud-vps-plus-4,Cloud VPS,Cloud VPS Plus 4,Region,America,United States (Central),3.1,0,America,United States (Central),US,Central,,EUR
cloud-vps-plus-4,cloud-vps-plus-4,Cloud VPS,Cloud VPS Plus 4,Region,America,United States (East),4.6,0,America,United States (East),US,East,,EUR
cloud-vps-plus-4,cloud-vps-plus-4,Cloud VPS,Cloud VPS Plus 4,Region,America,United States (West),3.85,0,America,United States (West),US,West,,EUR
cloud-vps-plus-4,cloud-vps-plus-4,Cloud VPS,Cloud VPS Plus 4,Region,Asia,India,7.15,0,Asia,India,IN,,,EUR
cloud-vps-plus-4,cloud-vps-plus-4,Cloud VPS,Cloud VPS Plus 4,Region,Asia,Japan,7.7,0,Asia,Japan,JP,,,EUR
cloud-vps-plus-4,cloud-vps-plus-4,Cloud VPS,Cloud VPS Plus 4,Region,Asia,Singapore,7.55,0,Asia,Singapore,SG,,,EUR
cloud-vps-plus-4,cloud-vps-plus-4,Cloud VPS,Cloud VPS Plus 4,Region,Australia,Australia,6.4,0,Australia,Australia,AU,,,EUR
cloud-vps-plus-4,cloud-vps-plus-4,Cloud VPS,Cloud VPS Plus 4,Region,Europe,European Union,0,0,Europe,European Union,EU,,true,EUR
cloud-vps-plus-4,cloud-vps-plus-4,Cloud VPS,Cloud VPS Plus 4,Region,Europe,United Kingdom,3.1,0,Europe,United Kingdom,UK,,,EUR
cloud-vps-plus-4,cloud-vps-plus-4,Cloud VPS,Cloud VPS Plus 4,Storage Type,NVMe,150 GB NVMe,0,0,,,,,true,EUR
cloud-vps-plus-4,cloud-vps-plus-4,Cloud VPS,Cloud VPS Plus 4,Storage Type,NVMe,300 GB NVMe,3.75,0,,,,,,EUR
cloud-vps-plus-6,cloud-vps-plus-6,Cloud VPS,Cloud VPS Plus 6,Data Protection,Auto Backup,Auto Backup,5,0,,,,,,EUR
cloud-vps-plus-6,cloud-vps-plus-6,Cloud VPS,Cloud VPS Plus 6,Data Protection,None,No Data Protection,0,0,,,,,true,EUR
cloud-vps-plus-6,cloud-vps-plus-6,Cloud VPS,Cloud VPS Plus 6,Image,Apps,Coolify Server,0,0,,,,,,EUR
cloud-vps-plus-6,cloud-vps-plus-6,Cloud VPS,Cloud VPS Plus 6,Image,Apps,Docker,0,0,,,,,,EUR
cloud-vps-plus-6,cloud-vps-plus-6,Cloud VPS,Cloud VPS Plus 6,Image,Apps,Dokploy Server,0,0,,,,,,EUR
cloud-vps-plus-6,cloud-vps-plus-6,Cloud VPS,Cloud VPS Plus 6,Image,Apps,GitLab Server,0,0,,,,,,EUR
cloud-vps-plus-6,cloud-vps-plus-6,Cloud VPS,Cloud VPS Plus 6,Image,Apps,Hermes Agent Server,0,0,,,,,,EUR
cloud-vps-plus-6,cloud-vps-plus-6,Cloud VPS,Cloud VPS Plus 6,Image,Apps,LAMP,0,0,,,,,,EUR
cloud-vps-plus-6,cloud-vps-plus-6,Cloud VPS,Cloud VPS Plus 6,Image,Apps,n8n Server,0,0,,,,,,EUR
cloud-vps-plus-6,cloud-vps-plus-6,Cloud VPS,Cloud VPS Plus 6,Image,Apps,Nextcloud Server,0,0,,,,,,EUR
cloud-vps-plus-6,cloud-vps-plus-6,Cloud VPS,Cloud VPS Plus 6,Image,Apps,OpenClaw Server,0,0,,,,,,EUR
cloud-vps-plus-6,cloud-vps-plus-6,Cloud VPS,Cloud VPS Plus 6,Image,Apps,Paperclip Server,0,0,,,,,,EUR
cloud-vps-plus-6,cloud-vps-plus-6,Cloud VPS,Cloud VPS Plus 6,Image,Apps,WireGuard Server,0,0,,,,,,EUR
cloud-vps-plus-6,cloud-vps-plus-6,Cloud VPS,Cloud VPS Plus 6,Image,Apps,Zeroclaw Server,0,0,,,,,,EUR
cloud-vps-plus-6,cloud-vps-plus-6,Cloud VPS,Cloud VPS Plus 6,Image,Blockchain,Flux Node,0,0,,,,,,EUR
cloud-vps-plus-6,cloud-vps-plus-6,Cloud VPS,Cloud VPS Plus 6,Image,Blockchain,Horizen Node,0,0,,,,,,EUR
cloud-vps-plus-6,cloud-vps-plus-6,Cloud VPS,Cloud VPS Plus 6,Image,Blockchain,IPFS Node,0,0,,,,,,EUR
cloud-vps-plus-6,cloud-vps-plus-6,Cloud VPS,Cloud VPS Plus 6,Image,OS,AlmaLinux 10,0,0,,,,,,EUR
cloud-vps-plus-6,cloud-vps-plus-6,Cloud VPS,Cloud VPS Plus 6,Image,OS,AlmaLinux 9,0,0,,,,,,EUR
cloud-vps-plus-6,cloud-vps-plus-6,Cloud VPS,Cloud VPS Plus 6,Image,OS,Arch Linux,0,0,,,,,,EUR
cloud-vps-plus-6,cloud-vps-plus-6,Cloud VPS,Cloud VPS Plus 6,Image,OS,Debian 12,0,0,,,,,,EUR
cloud-vps-plus-6,cloud-vps-plus-6,Cloud VPS,Cloud VPS Plus 6,Image,OS,Debian 13,0,0,,,,,,EUR
cloud-vps-plus-6,cloud-vps-plus-6,Cloud VPS,Cloud VPS Plus 6,Image,OS,FreeBSD 12.2,0,0,,,,,,EUR
cloud-vps-plus-6,cloud-vps-plus-6,Cloud VPS,Cloud VPS Plus 6,Image,OS,Rocky Linux 10,0,0,,,,,,EUR
cloud-vps-plus-6,cloud-vps-plus-6,Cloud VPS,Cloud VPS Plus 6,Image,OS,Rocky Linux 8,0,0,,,,,,EUR
cloud-vps-plus-6,cloud-vps-plus-6,Cloud VPS,Cloud VPS Plus 6,Image,OS,Rocky Linux 9,0,0,,,,,,EUR
cloud-vps-plus-6,cloud-vps-plus-6,Cloud VPS,Cloud VPS Plus 6,Image,OS,Ubuntu 19.10 (64 Bit),0,0,,,,,,EUR
cloud-vps-plus-6,cloud-vps-plus-6,Cloud VPS,Cloud VPS Plus 6,Image,OS,Ubuntu 22.04,0,0,,,,,,EUR
cloud-vps-plus-6,cloud-vps-plus-6,Cloud VPS,Cloud VPS Plus 6,Image,OS,Ubuntu 24.04,0,0,,,,,true,EUR
cloud-vps-plus-6,cloud-vps-plus-6,Cloud VPS,Cloud VPS Plus 6,Image,OS,Windows Server Datacenter 2016,25.5,0,,,,,,EUR
cloud-vps-plus-6,cloud-vps-plus-6,Cloud VPS,Cloud VPS Plus 6,Image,OS,Windows Server Datacenter 2019,25.5,0,,,,,,EUR
cloud-vps-plus-6,cloud-vps-plus-6,Cloud VPS,Cloud VPS Plus 6,Image,OS,Windows Server Datacenter 2022,25.5,0,,,,,,EUR
cloud-vps-plus-6,cloud-vps-plus-6,Cloud VPS,Cloud VPS Plus 6,Image,OS,Windows Server Datacenter 2025,25.5,0,,,,,,EUR
cloud-vps-plus-6,cloud-vps-plus-6,Cloud VPS,Cloud VPS Plus 6,Image,Panels,cPanel/WHM (5 accounts),21.75,0,,,,,,EUR
cloud-vps-plus-6,cloud-vps-plus-6,Cloud VPS,Cloud VPS Plus 6,Image,Panels,Plesk Admin Edition,12,0,,,,,,EUR
cloud-vps-plus-6,cloud-vps-plus-6,Cloud VPS,Cloud VPS Plus 6,Image,Panels,Plesk Host Edition,36.5,0,,,,,,EUR
cloud-vps-plus-6,cloud-vps-plus-6,Cloud VPS,Cloud VPS Plus 6,Image,Panels,Plesk Pro Edition,19,0,,,,,,EUR
cloud-vps-plus-6,cloud-vps-plus-6,Cloud VPS,Cloud VPS Plus 6,Image,Panels,Webmin,0,0,,,,,,EUR
cloud-vps-plus-6,cloud-vps-plus-6,Cloud VPS,Cloud VPS Plus 6,Image,Panels,Webmin + LAMP,0,0,,,,,,EUR
cloud-vps-plus-6,cloud-vps-plus-6,Cloud VPS,Cloud VPS Plus 6,Networking,Bandwidth,Unlimited Traffic,0,0,,,,,true,EUR
cloud-vps-plus-6,cloud-vps-plus-6,Cloud VPS,Cloud VPS Plus 6,Networking,IPv4,1 IP Address,0,0,,,,,true,EUR
cloud-vps-plus-6,cloud-vps-plus-6,Cloud VPS,Cloud VPS Plus 6,Networking,IPv4,Additional IP Address,3.5,0,,,,,,EUR
cloud-vps-plus-6,cloud-vps-plus-6,Cloud VPS,Cloud VPS Plus 6,Networking,Private Networking,No Private Networking,0,0,,,,,true,EUR
cloud-vps-plus-6,cloud-vps-plus-6,Cloud VPS,Cloud VPS Plus 6,Networking,Private Networking,Private Networking Enabled,2.29,0,,,,,,EUR
cloud-vps-plus-6,cloud-vps-plus-6,Cloud VPS,Cloud VPS Plus 6,Region,America,United States (Central),4.4,0,America,United States (Central),US,Central,,EUR
cloud-vps-plus-6,cloud-vps-plus-6,Cloud VPS,Cloud VPS Plus 6,Region,America,United States (East),6.5,0,America,United States (East),US,East,,EUR
cloud-vps-plus-6,cloud-vps-plus-6,Cloud VPS,Cloud VPS Plus 6,Region,America,United States (West),5.45,0,America,United States (West),US,West,,EUR
cloud-vps-plus-6,cloud-vps-plus-6,Cloud VPS,Cloud VPS Plus 6,Region,Asia,India,10.05,0,Asia,India,IN,,,EUR
cloud-vps-plus-6,cloud-vps-plus-6,Cloud VPS,Cloud VPS Plus 6,Region,Asia,Japan,10.85,0,Asia,Japan,JP,,,EUR
cloud-vps-plus-6,cloud-vps-plus-6,Cloud VPS,Cloud VPS Plus 6,Region,Asia,Singapore,10.65,0,Asia,Singapore,SG,,,EUR
cloud-vps-plus-6,cloud-vps-plus-6,Cloud VPS,Cloud VPS Plus 6,Region,Australia,Australia,9,0,Australia,Australia,AU,,,EUR
cloud-vps-plus-6,cloud-vps-plus-6,Cloud VPS,Cloud VPS Plus 6,Region,Europe,European Union,0,0,Europe,European Union,EU,,true,EUR
cloud-vps-plus-6,cloud-vps-plus-6,Cloud VPS,Cloud VPS Plus 6,Region,Europe,United Kingdom,4.4,0,Europe,United Kingdom,UK,,,EUR
cloud-vps-plus-6,cloud-vps-plus-6,Cloud VPS,Cloud VPS Plus 6,Storage Type,NVMe,300 GB NVMe,0,0,,,,,true,EUR
cloud-vps-plus-6,cloud-vps-plus-6,Cloud VPS,Cloud VPS Plus 6,Storage Type,NVMe,600 GB NVMe,7.5,0,,,,,,EUR
cloud-vps-plus-8,cloud-vps-plus-8,Cloud VPS,Cloud VPS Plus 8,Data Protection,Auto Backup,Auto Backup,7.5,0,,,,,,EUR
cloud-vps-plus-8,cloud-vps-plus-8,Cloud VPS,Cloud VPS Plus 8,Data Protection,None,No Data Protection,0,0,,,,,true,EUR
cloud-vps-plus-8,cloud-vps-plus-8,Cloud VPS,Cloud VPS Plus 8,Image,Apps,Coolify Server,0,0,,,,,,EUR
cloud-vps-plus-8,cloud-vps-plus-8,Cloud VPS,Cloud VPS Plus 8,Image,Apps,Docker,0,0,,,,,,EUR
cloud-vps-plus-8,cloud-vps-plus-8,Cloud VPS,Cloud VPS Plus 8,Image,Apps,Dokploy Server,0,0,,,,,,EUR
cloud-vps-plus-8,cloud-vps-plus-8,Cloud VPS,Cloud VPS Plus 8,Image,Apps,GitLab Server,0,0,,,,,,EUR
cloud-vps-plus-8,cloud-vps-plus-8,Cloud VPS,Cloud VPS Plus 8,Image,Apps,Hermes Agent Server,0,0,,,,,,EUR
cloud-vps-plus-8,cloud-vps-plus-8,Cloud VPS,Cloud VPS Plus 8,Image,Apps,LAMP,0,0,,,,,,EUR
cloud-vps-plus-8,cloud-vps-plus-8,Cloud VPS,Cloud VPS Plus 8,Image,Apps,n8n Server,0,0,,,,,,EUR
cloud-vps-plus-8,cloud-vps-plus-8,Cloud VPS,Cloud VPS Plus 8,Image,Apps,Nextcloud Server,0,0,,,,,,EUR
cloud-vps-plus-8,cloud-vps-plus-8,Cloud VPS,Cloud VPS Plus 8,Image,Apps,Ollama Server,0,0,,,,,,EUR
cloud-vps-plus-8,cloud-vps-plus-8,Cloud VPS,Cloud VPS Plus 8,Image,Apps,OpenClaw Server,0,0,,,,,,EUR
cloud-vps-plus-8,cloud-vps-plus-8,Cloud VPS,Cloud VPS Plus 8,Image,Apps,Paperclip Server,0,0,,,,,,EUR
cloud-vps-plus-8,cloud-vps-plus-8,Cloud VPS,Cloud VPS Plus 8,Image,Apps,WireGuard Server,0,0,,,,,,EUR
cloud-vps-plus-8,cloud-vps-plus-8,Cloud VPS,Cloud VPS Plus 8,Image,Apps,Zeroclaw Server,0,0,,,,,,EUR
cloud-vps-plus-8,cloud-vps-plus-8,Cloud VPS,Cloud VPS Plus 8,Image,Blockchain,Flux Node,0,0,,,,,,EUR
cloud-vps-plus-8,cloud-vps-plus-8,Cloud VPS,Cloud VPS Plus 8,Image,Blockchain,Horizen Node,0,0,,,,,,EUR
cloud-vps-plus-8,cloud-vps-plus-8,Cloud VPS,Cloud VPS Plus 8,Image,Blockchain,IPFS Node,0,0,,,,,,EUR
cloud-vps-plus-8,cloud-vps-plus-8,Cloud VPS,Cloud VPS Plus 8,Image,OS,AlmaLinux 10,0,0,,,,,,EUR
cloud-vps-plus-8,cloud-vps-plus-8,Cloud VPS,Cloud VPS Plus 8,Image,OS,AlmaLinux 9,0,0,,,,,,EUR
cloud-vps-plus-8,cloud-vps-plus-8,Cloud VPS,Cloud VPS Plus 8,Image,OS,Arch Linux,0,0,,,,,,EUR
cloud-vps-plus-8,cloud-vps-plus-8,Cloud VPS,Cloud VPS Plus 8,Image,OS,Debian 12,0,0,,,,,,EUR
cloud-vps-plus-8,cloud-vps-plus-8,Cloud VPS,Cloud VPS Plus 8,Image,OS,Debian 13,0,0,,,,,,EUR
cloud-vps-plus-8,cloud-vps-plus-8,Cloud VPS,Cloud VPS Plus 8,Image,OS,FreeBSD 12.2,0,0,,,,,,EUR
cloud-vps-plus-8,cloud-vps-plus-8,Cloud VPS,Cloud VPS Plus 8,Image,OS,Rocky Linux 10,0,0,,,,,,EUR
cloud-vps-plus-8,cloud-vps-plus-8,Cloud VPS,Cloud VPS Plus 8,Image,OS,Rocky Linux 8,0,0,,,,,,EUR
cloud-vps-plus-8,cloud-vps-plus-8,Cloud VPS,Cloud VPS Plus 8,Image,OS,Rocky Linux 9,0,0,,,,,,EUR
cloud-vps-plus-8,cloud-vps-plus-8,Cloud VPS,Cloud VPS Plus 8,Image,OS,Ubuntu 19.10 (64 Bit),0,0,,,,,,EUR
cloud-vps-plus-8,cloud-vps-plus-8,Cloud VPS,Cloud VPS Plus 8,Image,OS,Ubuntu 22.04,0,0,,,,,,EUR
cloud-vps-plus-8,cloud-vps-plus-8,Cloud VPS,Cloud VPS Plus 8,Image,OS,Ubuntu 24.04,0,0,,,,,true,EUR
cloud-vps-plus-8,cloud-vps-plus-8,Cloud VPS,Cloud VPS Plus 8,Image,OS,Ubuntu 26.04,0,0,,,,,,EUR
cloud-vps-plus-8,cloud-vps-plus-8,Cloud VPS,Cloud VPS Plus 8,Image,OS,Windows Server Datacenter 2016,42,0,,,,,,EUR
cloud-vps-plus-8,cloud-vps-plus-8,Cloud VPS,Cloud VPS Plus 8,Image,OS,Windows Server Datacenter 2019,42,0,,,,,,EUR
cloud-vps-plus-8,cloud-vps-plus-8,Cloud VPS,Cloud VPS Plus 8,Image,OS,Windows Server Datacenter 2022,42,0,,,,,,EUR
cloud-vps-plus-8,cloud-vps-plus-8,Cloud VPS,Cloud VPS Plus 8,Image,OS,Windows Server Datacenter 2025,42,0,,,,,,EUR
cloud-vps-plus-8,cloud-vps-plus-8,Cloud VPS,Cloud VPS Plus 8,Image,Panels,cPanel/WHM (5 accounts),21.75,0,,,,,,EUR
cloud-vps-plus-8,cloud-vps-plus-8,Cloud VPS,Cloud VPS Plus 8,Image,Panels,Plesk Admin Edition,12,0,,,,,,EUR
cloud-vps-plus-8,cloud-vps-plus-8,Cloud VPS,Cloud VPS Plus 8,Image,Panels,Plesk Host Edition,36.5,0,,,,,,EUR
cloud-vps-plus-8,cloud-vps-plus-8,Cloud VPS,Cloud VPS Plus 8,Image,Panels,Plesk Pro Edition,19,0,,,,,,EUR
cloud-vps-plus-8,cloud-vps-plus-8,Cloud VPS,Cloud VPS Plus 8,Image,Panels,Webmin,0,0,,,,,,EUR
cloud-vps-plus-8,cloud-vps-plus-8,Cloud VPS,Cloud VPS Plus 8,Image,Panels,Webmin + LAMP,0,0,,,,,,EUR
cloud-vps-plus-8,cloud-vps-plus-8,Cloud VPS,Cloud VPS Plus 8,Networking,Bandwidth,Unlimited Traffic,0,0,,,,,true,EUR
cloud-vps-plus-8,cloud-vps-plus-8,Cloud VPS,Cloud VPS Plus 8,Networking,IPv4,1 IP Address,0,0,,,,,true,EUR
cloud-vps-plus-8,cloud-vps-plus-8,Cloud VPS,Cloud VPS Plus 8,Networking,IPv4,Additional IP Address,3.5,0,,,,,,EUR
cloud-vps-plus-8,cloud-vps-plus-8,Cloud VPS,Cloud VPS Plus 8,Networking,Private Networking,No Private Networking,0,0,,,,,true,EUR
cloud-vps-plus-8,cloud-vps-plus-8,Cloud VPS,Cloud VPS Plus 8,Networking,Private Networking,Private Networking Enabled,2.29,0,,,,,,EUR
cloud-vps-plus-8,cloud-vps-plus-8,Cloud VPS,Cloud VPS Plus 8,Region,America,United States (Central),8.1,0,America,United States (Central),US,Central,,EUR
cloud-vps-plus-8,cloud-vps-plus-8,Cloud VPS,Cloud VPS Plus 8,Region,America,United States (East),11.95,0,America,United States (East),US,East,,EUR
cloud-vps-plus-8,cloud-vps-plus-8,Cloud VPS,Cloud VPS Plus 8,Region,America,United States (West),10,0,America,United States (West),US,West,,EUR
cloud-vps-plus-8,cloud-vps-plus-8,Cloud VPS,Cloud VPS Plus 8,Region,Asia,India,18.5,0,Asia,India,IN,,,EUR
cloud-vps-plus-8,cloud-vps-plus-8,Cloud VPS,Cloud VPS Plus 8,Region,Asia,Japan,20,0,Asia,Japan,JP,,,EUR
cloud-vps-plus-8,cloud-vps-plus-8,Cloud VPS,Cloud VPS Plus 8,Region,Asia,Singapore,19.65,0,Asia,Singapore,SG,,,EUR
cloud-vps-plus-8,cloud-vps-plus-8,Cloud VPS,Cloud VPS Plus 8,Region,Australia,Australia,16.55,0,Australia,Australia,AU,,,EUR
cloud-vps-plus-8,cloud-vps-plus-8,Cloud VPS,Cloud VPS Plus 8,Region,Europe,European Union,0,0,Europe,European Union,EU,,true,EUR
cloud-vps-plus-8,cloud-vps-plus-8,Cloud VPS,Cloud VPS Plus 8,Region,Europe,United Kingdom,8.1,0,Europe,United Kingdom,UK,,,EUR
cloud-vps-plus-8,cloud-vps-plus-8,Cloud VPS,Cloud VPS Plus 8,Storage Type,NVMe,450 GB NVMe,0,0,,,,,true,EUR
cloud-vps-plus-8,cloud-vps-plus-8,Cloud VPS,Cloud VPS Plus 8,Storage Type,NVMe,900 GB NVMe,11.25,0,,,,,,EUR
cloud-vps-plus-12,cloud-vps-plus-12,Cloud VPS,Cloud VPS Plus 12,Data Protection,Auto Backup,Auto Backup,10,0,,,,,,EUR
cloud-vps-plus-12,cloud-vps-plus-12,Cloud VPS,Cloud VPS Plus 12,Data Protection,None,No Data Protection,0,0,,,,,true,EUR
cloud-vps-plus-12,cloud-vps-plus-12,Cloud VPS,Cloud VPS Plus 12,Image,Apps,Coolify Server,0,0,,,,,,EUR
cloud-vps-plus-12,cloud-vps-plus-12,Cloud VPS,Cloud VPS Plus 12,Image,Apps,Docker,0,0,,,,,,EUR
cloud-vps-plus-12,cloud-vps-plus-12,Cloud VPS,Cloud VPS Plus 12,Image,Apps,Dokploy Server,0,0,,,,,,EUR
cloud-vps-plus-12,cloud-vps-plus-12,Cloud VPS,Cloud VPS Plus 12,Image,Apps,GitLab Server,0,0,,,,,,EUR
cloud-vps-plus-12,cloud-vps-plus-12,Cloud VPS,Cloud VPS Plus 12,Image,Apps,Hermes Agent Server,0,0,,,,,,EUR
cloud-vps-plus-12,cloud-vps-plus-12,Cloud VPS,Cloud VPS Plus 12,Image,Apps,LAMP,0,0,,,,,,EUR
cloud-vps-plus-12,cloud-vps-plus-12,Cloud VPS,Cloud VPS Plus 12,Image,Apps,n8n Server,0,0,,,,,,EUR
cloud-vps-plus-12,cloud-vps-plus-12,Cloud VPS,Cloud VPS Plus 12,Image,Apps,Nextcloud Server,0,0,,,,,,EUR
cloud-vps-plus-12,cloud-vps-plus-12,Cloud VPS,Cloud VPS Plus 12,Image,Apps,Ollama Server,0,0,,,,,,EUR
cloud-vps-plus-12,cloud-vps-plus-12,Cloud VPS,Cloud VPS Plus 12,Image,Apps,OpenClaw Server,0,0,,,,,,EUR
cloud-vps-plus-12,cloud-vps-plus-12,Cloud VPS,Cloud VPS Plus 12,Image,Apps,Paperclip Server,0,0,,,,,,EUR
cloud-vps-plus-12,cloud-vps-plus-12,Cloud VPS,Cloud VPS Plus 12,Image,Apps,WireGuard Server,0,0,,,,,,EUR
cloud-vps-plus-12,cloud-vps-plus-12,Cloud VPS,Cloud VPS Plus 12,Image,Apps,Zeroclaw Server,0,0,,,,,,EUR
cloud-vps-plus-12,cloud-vps-plus-12,Cloud VPS,Cloud VPS Plus 12,Image,Blockchain,Flux Node,0,0,,,,,,EUR
cloud-vps-plus-12,cloud-vps-plus-12,Cloud VPS,Cloud VPS Plus 12,Image,Blockchain,Horizen Node,0,0,,,,,,EUR
cloud-vps-plus-12,cloud-vps-plus-12,Cloud VPS,Cloud VPS Plus 12,Image,Blockchain,IPFS Node,0,0,,,,,,EUR
cloud-vps-plus-12,cloud-vps-plus-12,Cloud VPS,Cloud VPS Plus 12,Image,OS,AlmaLinux 10,0,0,,,,,,EUR
cloud-vps-plus-12,cloud-vps-plus-12,Cloud VPS,Cloud VPS Plus 12,Image,OS,AlmaLinux 9,0,0,,,,,,EUR
cloud-vps-plus-12,cloud-vps-plus-12,Cloud VPS,Cloud VPS Plus 12,Image,OS,Arch Linux,0,0,,,,,,EUR
cloud-vps-plus-12,cloud-vps-plus-12,Cloud VPS,Cloud VPS Plus 12,Image,OS,Debian 12,0,0,,,,,,EUR
cloud-vps-plus-12,cloud-vps-plus-12,Cloud VPS,Cloud VPS Plus 12,Image,OS,Debian 13,0,0,,,,,,EUR
cloud-vps-plus-12,cloud-vps-plus-12,Cloud VPS,Cloud VPS Plus 12,Image,OS,FreeBSD 12.2,0,0,,,,,,EUR
cloud-vps-plus-12,cloud-vps-plus-12,Cloud VPS,Cloud VPS Plus 12,Image,OS,Rocky Linux 10,0,0,,,,,,EUR
cloud-vps-plus-12,cloud-vps-plus-12,Cloud VPS,Cloud VPS Plus 12,Image,OS,Rocky Linux 8,0,0,,,,,,EUR
cloud-vps-plus-12,cloud-vps-plus-12,Cloud VPS,Cloud VPS Plus 12,Image,OS,Rocky Linux 9,0,0,,,,,,EUR
cloud-vps-plus-12,cloud-vps-plus-12,Cloud VPS,Cloud VPS Plus 12,Image,OS,Ubuntu 19.10 (64 Bit),0,0,,,,,,EUR
cloud-vps-plus-12,cloud-vps-plus-12,Cloud VPS,Cloud VPS Plus 12,Image,OS,Ubuntu 22.04,0,0,,,,,,EUR
cloud-vps-plus-12,cloud-vps-plus-12,Cloud VPS,Cloud VPS Plus 12,Image,OS,Ubuntu 24.04,0,0,,,,,true,EUR
cloud-vps-plus-12,cloud-vps-plus-12,Cloud VPS,Cloud VPS Plus 12,Image,OS,Ubuntu 26.04,0,0,,,,,,EUR
cloud-vps-plus-12,cloud-vps-plus-12,Cloud VPS,Cloud VPS Plus 12,Image,OS,Windows Server Datacenter 2016,79.5,0,,,,,,EUR
cloud-vps-plus-12,cloud-vps-plus-12,Cloud VPS,Cloud VPS Plus 12,Image,OS,Windows Server Datacenter 2019,79.5,0,,,,,,EUR
cloud-vps-plus-12,cloud-vps-plus-12,Cloud VPS,Cloud VPS Plus 12,Image,OS,Windows Server Datacenter 2022,79.5,0,,,,,,EUR
cloud-vps-plus-12,cloud-vps-plus-12,Cloud VPS,Cloud VPS Plus 12,Image,OS,Windows Server Datacenter 2025,79.5,0,,,,,,EUR
cloud-vps-plus-12,cloud-vps-plus-12,Cloud VPS,Cloud VPS Plus 12,Image,Panels,cPanel/WHM (5 accounts),21.75,0,,,,,,EUR
cloud-vps-plus-12,cloud-vps-plus-12,Cloud VPS,Cloud VPS Plus 12,Image,Panels,Plesk Admin Edition,12,0,,,,,,EUR
cloud-vps-plus-12,cloud-vps-plus-12,Cloud VPS,Cloud VPS Plus 12,Image,Panels,Plesk Host Edition,36.5,0,,,,,,EUR
cloud-vps-plus-12,cloud-vps-plus-12,Cloud VPS,Cloud VPS Plus 12,Image,Panels,Plesk Pro Edition,19,0,,,,,,EUR
cloud-vps-plus-12,cloud-vps-plus-12,Cloud VPS,Cloud VPS Plus 12,Image,Panels,Webmin,0,0,,,,,,EUR
cloud-vps-plus-12,cloud-vps-plus-12,Cloud VPS,Cloud VPS Plus 12,Image,Panels,Webmin + LAMP,0,0,,,,,,EUR
cloud-vps-plus-12,cloud-vps-plus-12,Cloud VPS,Cloud VPS Plus 12,Networking,Bandwidth,Unlimited Traffic,0,0,,,,,true,EUR
cloud-vps-plus-12,cloud-vps-plus-12,Cloud VPS,Cloud VPS Plus 12,Networking,IPv4,1 IP Address,0,0,,,,,true,EUR
cloud-vps-plus-12,cloud-vps-plus-12,Cloud VPS,Cloud VPS Plus 12,Networking,IPv4,Additional IP Address,3.5,0,,,,,,EUR
cloud-vps-plus-12,cloud-vps-plus-12,Cloud VPS,Cloud VPS Plus 12,Networking,Private Networking,No Private Networking,0,0,,,,,true,EUR
cloud-vps-plus-12,cloud-vps-plus-12,Cloud VPS,Cloud VPS Plus 12,Networking,Private Networking,Private Networking Enabled,2.29,0,,,,,,EUR
cloud-vps-plus-12,cloud-vps-plus-12,Cloud VPS,Cloud VPS Plus 12,Region,America,United States (Central),13.65,0,America,United States (Central),US,Central,,EUR
cloud-vps-plus-12,cloud-vps-plus-12,Cloud VPS,Cloud VPS Plus 12,Region,America,United States (East),20.1,0,America,United States (East),US,East,,EUR
cloud-vps-plus-12,cloud-vps-plus-12,Cloud VPS,Cloud VPS Plus 12,Region,America,United States (West),16.85,0,America,United States (West),US,West,,EUR
cloud-vps-plus-12,cloud-vps-plus-12,Cloud VPS,Cloud VPS Plus 12,Region,Asia,India,31.15,0,Asia,India,IN,,,EUR
cloud-vps-plus-12,cloud-vps-plus-12,Cloud VPS,Cloud VPS Plus 12,Region,Asia,Japan,33.75,0,Asia,Japan,JP,,,EUR
cloud-vps-plus-12,cloud-vps-plus-12,Cloud VPS,Cloud VPS Plus 12,Region,Asia,Singapore,33.1,0,Asia,Singapore,SG,,,EUR
cloud-vps-plus-12,cloud-vps-plus-12,Cloud VPS,Cloud VPS Plus 12,Region,Australia,Australia,27.9,0,Australia,Australia,AU,,,EUR
cloud-vps-plus-12,cloud-vps-plus-12,Cloud VPS,Cloud VPS Plus 12,Region,Europe,European Union,0,0,Europe,European Union,EU,,true,EUR
cloud-vps-plus-12,cloud-vps-plus-12,Cloud VPS,Cloud VPS Plus 12,Region,Europe,United Kingdom,13.65,0,Europe,United Kingdom,UK,,,EUR
cloud-vps-plus-12,cloud-vps-plus-12,Cloud VPS,Cloud VPS Plus 12,Storage Type,NVMe,1.2 TB NVMe,15,0,,,,,,EUR
cloud-vps-plus-12,cloud-vps-plus-12,Cloud VPS,Cloud VPS Plus 12,Storage Type,NVMe,600 GB NVMe,0,0,,,,,true,EUR
cloud-vps-plus-16,cloud-vps-plus-16,Cloud VPS,Cloud VPS Plus 16,Data Protection,Auto Backup,Auto Backup,12.5,0,,,,,,EUR
cloud-vps-plus-16,cloud-vps-plus-16,Cloud VPS,Cloud VPS Plus 16,Data Protection,None,No Data Protection,0,0,,,,,true,EUR
cloud-vps-plus-16,cloud-vps-plus-16,Cloud VPS,Cloud VPS Plus 16,Image,Apps,Coolify Server,0,0,,,,,,EUR
cloud-vps-plus-16,cloud-vps-plus-16,Cloud VPS,Cloud VPS Plus 16,Image,Apps,Docker,0,0,,,,,,EUR
cloud-vps-plus-16,cloud-vps-plus-16,Cloud VPS,Cloud VPS Plus 16,Image,Apps,Dokploy Server,0,0,,,,,,EUR
cloud-vps-plus-16,cloud-vps-plus-16,Cloud VPS,Cloud VPS Plus 16,Image,Apps,GitLab Server,0,0,,,,,,EUR
cloud-vps-plus-16,cloud-vps-plus-16,Cloud VPS,Cloud VPS Plus 16,Image,Apps,Hermes Agent Server,0,0,,,,,,EUR
cloud-vps-plus-16,cloud-vps-plus-16,Cloud VPS,Cloud VPS Plus 16,Image,Apps,LAMP,0,0,,,,,,EUR
cloud-vps-plus-16,cloud-vps-plus-16,Cloud VPS,Cloud VPS Plus 16,Image,Apps,n8n Server,0,0,,,,,,EUR
cloud-vps-plus-16,cloud-vps-plus-16,Cloud VPS,Cloud VPS Plus 16,Image,Apps,Nextcloud Server,0,0,,,,,,EUR
cloud-vps-plus-16,cloud-vps-plus-16,Cloud VPS,Cloud VPS Plus 16,Image,Apps,Ollama Server,0,0,,,,,,EUR
cloud-vps-plus-16,cloud-vps-plus-16,Cloud VPS,Cloud VPS Plus 16,Image,Apps,OpenClaw Server,0,0,,,,,,EUR
cloud-vps-plus-16,cloud-vps-plus-16,Cloud VPS,Cloud VPS Plus 16,Image,Apps,Paperclip Server,0,0,,,,,,EUR
cloud-vps-plus-16,cloud-vps-plus-16,Cloud VPS,Cloud VPS Plus 16,Image,Apps,WireGuard Server,0,0,,,,,,EUR
cloud-vps-plus-16,cloud-vps-plus-16,Cloud VPS,Cloud VPS Plus 16,Image,Apps,Zeroclaw Server,0,0,,,,,,EUR
cloud-vps-plus-16,cloud-vps-plus-16,Cloud VPS,Cloud VPS Plus 16,Image,Blockchain,Flux Node,0,0,,,,,,EUR
cloud-vps-plus-16,cloud-vps-plus-16,Cloud VPS,Cloud VPS Plus 16,Image,Blockchain,Horizen Node,0,0,,,,,,EUR
cloud-vps-plus-16,cloud-vps-plus-16,Cloud VPS,Cloud VPS Plus 16,Image,Blockchain,IPFS Node,0,0,,,,,,EUR
cloud-vps-plus-16,cloud-vps-plus-16,Cloud VPS,Cloud VPS Plus 16,Image,OS,AlmaLinux 10,0,0,,,,,,EUR
cloud-vps-plus-16,cloud-vps-plus-16,Cloud VPS,Cloud VPS Plus 16,Image,OS,AlmaLinux 9,0,0,,,,,,EUR
cloud-vps-plus-16,cloud-vps-plus-16,Cloud VPS,Cloud VPS Plus 16,Image,OS,Arch Linux,0,0,,,,,,EUR
cloud-vps-plus-16,cloud-vps-plus-16,Cloud VPS,Cloud VPS Plus 16,Image,OS,Debian 12,0,0,,,,,,EUR
cloud-vps-plus-16,cloud-vps-plus-16,Cloud VPS,Cloud VPS Plus 16,Image,OS,Debian 13,0,0,,,,,,EUR
cloud-vps-plus-16,cloud-vps-plus-16,Cloud VPS,Cloud VPS Plus 16,Image,OS,FreeBSD 12.2,0,0,,,,,,EUR
cloud-vps-plus-16,cloud-vps-plus-16,Cloud VPS,Cloud VPS Plus 16,Image,OS,Rocky Linux 10,0,0,,,,,,EUR
cloud-vps-plus-16,cloud-vps-plus-16,Cloud VPS,Cloud VPS Plus 16,Image,OS,Rocky Linux 8,0,0,,,,,,EUR
cloud-vps-plus-16,cloud-vps-plus-16,Cloud VPS,Cloud VPS Plus 16,Image,OS,Rocky Linux 9,0,0,,,,,,EUR
cloud-vps-plus-16,cloud-vps-plus-16,Cloud VPS,Cloud VPS Plus 16,Image,OS,Ubuntu 19.10 (64 Bit),0,0,,,,,,EUR
cloud-vps-plus-16,cloud-vps-plus-16,Cloud VPS,Cloud VPS Plus 16,Image,OS,Ubuntu 22.04,0,0,,,,,,EUR
cloud-vps-plus-16,cloud-vps-plus-16,Cloud VPS,Cloud VPS Plus 16,Image,OS,Ubuntu 24.04,0,0,,,,,true,EUR
cloud-vps-plus-16,cloud-vps-plus-16,Cloud VPS,Cloud VPS Plus 16,Image,OS,Windows Server Datacenter 2016,95,0,,,,,,EUR
cloud-vps-plus-16,cloud-vps-plus-16,Cloud VPS,Cloud VPS Plus 16,Image,OS,Windows Server Datacenter 2019,95,0,,,,,,EUR
cloud-vps-plus-16,cloud-vps-plus-16,Cloud VPS,Cloud VPS Plus 16,Image,OS,Windows Server Datacenter 2022,95,0,,,,,,EUR
cloud-vps-plus-16,cloud-vps-plus-16,Cloud VPS,Cloud VPS Plus 16,Image,OS,Windows Server Datacenter 2025,95,0,,,,,,EUR
cloud-vps-plus-16,cloud-vps-plus-16,Cloud VPS,Cloud VPS Plus 16,Image,Panels,cPanel/WHM (5 accounts),21.75,0,,,,,,EUR
cloud-vps-plus-16,cloud-vps-plus-16,Cloud VPS,Cloud VPS Plus 16,Image,Panels,Plesk Admin Edition,12,0,,,,,,EUR
cloud-vps-plus-16,cloud-vps-plus-16,Cloud VPS,Cloud VPS Plus 16,Image,Panels,Plesk Host Edition,36.5,0,,,,,,EUR
cloud-vps-plus-16,cloud-vps-plus-16,Cloud VPS,Cloud VPS Plus 16,Image,Panels,Plesk Pro Edition,19,0,,,,,,EUR
cloud-vps-plus-16,cloud-vps-plus-16,Cloud VPS,Cloud VPS Plus 16,Image,Panels,Webmin,0,0,,,,,,EUR
cloud-vps-plus-16,cloud-vps-plus-16,Cloud VPS,Cloud VPS Plus 16,Image,Panels,Webmin + LAMP,0,0,,,,,,EUR
cloud-vps-plus-16,cloud-vps-plus-16,Cloud VPS,Cloud VPS Plus 16,Networking,Bandwidth,Unlimited Traffic,0,0,,,,,true,EUR
cloud-vps-plus-16,cloud-vps-plus-16,Cloud VPS,Cloud VPS Plus 16,Networking,IPv4,1 IP Address,0,0,,,,,true,EUR
cloud-vps-plus-16,cloud-vps-plus-16,Cloud VPS,Cloud VPS Plus 16,Networking,IPv4,Additional IP Address,3.5,0,,,,,,EUR
cloud-vps-plus-16,cloud-vps-plus-16,Cloud VPS,Cloud VPS Plus 16,Networking,Private Networking,No Private Networking,0,0,,,,,true,EUR
cloud-vps-plus-16,cloud-vps-plus-16,Cloud VPS,Cloud VPS Plus 16,Networking,Private Networking,Private Networking Enabled,2.29,0,,,,,,EUR
cloud-vps-plus-16,cloud-vps-plus-16,Cloud VPS,Cloud VPS Plus 16,Region,America,United States (Central),18.25,0,America,United States (Central),US,Central,,EUR
cloud-vps-plus-16,cloud-vps-plus-16,Cloud VPS,Cloud VPS Plus 16,Region,America,United States (East),26.95,0,America,United States (East),US,East,,EUR
cloud-vps-plus-16,cloud-vps-plus-16,Cloud VPS,Cloud VPS Plus 16,Region,America,United States (West),22.6,0,America,United States (West),US,West,,EUR
cloud-vps-plus-16,cloud-vps-plus-16,Cloud VPS,Cloud VPS Plus 16,Region,Asia,India,41.7,0,Asia,India,IN,,,EUR
cloud-vps-plus-16,cloud-vps-plus-16,Cloud VPS,Cloud VPS Plus 16,Region,Asia,Japan,45.2,0,Asia,Japan,JP,,,EUR
cloud-vps-plus-16,cloud-vps-plus-16,Cloud VPS,Cloud VPS Plus 16,Region,Asia,Singapore,44.3,0,Asia,Singapore,SG,,,EUR
cloud-vps-plus-16,cloud-vps-plus-16,Cloud VPS,Cloud VPS Plus 16,Region,Australia,Australia,37.35,0,Australia,Australia,AU,,,EUR
cloud-vps-plus-16,cloud-vps-plus-16,Cloud VPS,Cloud VPS Plus 16,Region,Europe,European Union,0,0,Europe,European Union,EU,,true,EUR
cloud-vps-plus-16,cloud-vps-plus-16,Cloud VPS,Cloud VPS Plus 16,Region,Europe,United Kingdom,18.25,0,Europe,United Kingdom,UK,,,EUR
cloud-vps-plus-16,cloud-vps-plus-16,Cloud VPS,Cloud VPS Plus 16,Storage Type,NVMe,1.5 TB NVMe,18.75,0,,,,,,EUR
cloud-vps-plus-16,cloud-vps-plus-16,Cloud VPS,Cloud VPS Plus 16,Storage Type,NVMe,750 GB NVMe,0,0,,,,,true,EUR
cloud-vps-plus-18,cloud-vps-plus-18,Cloud VPS,Cloud VPS Plus 18,Data Protection,None,No Data Protection,0,0,,,,,true,EUR
cloud-vps-plus-18,cloud-vps-plus-18,Cloud VPS,Cloud VPS Plus 18,Image,Apps,Coolify Server,0,0,,,,,,EUR
cloud-vps-plus-18,cloud-vps-plus-18,Cloud VPS,Cloud VPS Plus 18,Image,Apps,Docker,0,0,,,,,,EUR
cloud-vps-plus-18,cloud-vps-plus-18,Cloud VPS,Cloud VPS Plus 18,Image,Apps,Dokploy Server,0,0,,,,,,EUR
cloud-vps-plus-18,cloud-vps-plus-18,Cloud VPS,Cloud VPS Plus 18,Image,Apps,GitLab Server,0,0,,,,,,EUR
cloud-vps-plus-18,cloud-vps-plus-18,Cloud VPS,Cloud VPS Plus 18,Image,Apps,Hermes Agent Server,0,0,,,,,,EUR
cloud-vps-plus-18,cloud-vps-plus-18,Cloud VPS,Cloud VPS Plus 18,Image,Apps,LAMP,0,0,,,,,,EUR
cloud-vps-plus-18,cloud-vps-plus-18,Cloud VPS,Cloud VPS Plus 18,Image,Apps,n8n Server,0,0,,,,,,EUR
cloud-vps-plus-18,cloud-vps-plus-18,Cloud VPS,Cloud VPS Plus 18,Image,Apps,Nextcloud Server,0,0,,,,,,EUR
cloud-vps-plus-18,cloud-vps-plus-18,Cloud VPS,Cloud VPS Plus 18,Image,Apps,Ollama Server,0,0,,,,,,EUR
cloud-vps-plus-18,cloud-vps-plus-18,Cloud VPS,Cloud VPS Plus 18,Image,Apps,OpenClaw Server,0,0,,,,,,EUR
cloud-vps-plus-18,cloud-vps-plus-18,Cloud VPS,Cloud VPS Plus 18,Image,Apps,Paperclip Server,0,0,,,,,,EUR
cloud-vps-plus-18,cloud-vps-plus-18,Cloud VPS,Cloud VPS Plus 18,Image,Apps,WireGuard Server,0,0,,,,,,EUR
cloud-vps-plus-18,cloud-vps-plus-18,Cloud VPS,Cloud VPS Plus 18,Image,Apps,Zeroclaw Server,0,0,,,,,,EUR
cloud-vps-plus-18,cloud-vps-plus-18,Cloud VPS,Cloud VPS Plus 18,Image,Blockchain,Flux Node,0,0,,,,,,EUR
cloud-vps-plus-18,cloud-vps-plus-18,Cloud VPS,Cloud VPS Plus 18,Image,Blockchain,Horizen Node,0,0,,,,,,EUR
cloud-vps-plus-18,cloud-vps-plus-18,Cloud VPS,Cloud VPS Plus 18,Image,Blockchain,IPFS Node,0,0,,,,,,EUR
cloud-vps-plus-18,cloud-vps-plus-18,Cloud VPS,Cloud VPS Plus 18,Image,OS,AlmaLinux 10,0,0,,,,,,EUR
cloud-vps-plus-18,cloud-vps-plus-18,Cloud VPS,Cloud VPS Plus 18,Image,OS,AlmaLinux 9,0,0,,,,,,EUR
cloud-vps-plus-18,cloud-vps-plus-18,Cloud VPS,Cloud VPS Plus 18,Image,OS,Arch Linux,0,0,,,,,,EUR
cloud-vps-plus-18,cloud-vps-plus-18,Cloud VPS,Cloud VPS Plus 18,Image,OS,Debian 12,0,0,,,,,,EUR
cloud-vps-plus-18,cloud-vps-plus-18,Cloud VPS,Cloud VPS Plus 18,Image,OS,Debian 13,0,0,,,,,,EUR
cloud-vps-plus-18,cloud-vps-plus-18,Cloud VPS,Cloud VPS Plus 18,Image,OS,FreeBSD 12.2,0,0,,,,,,EUR
cloud-vps-plus-18,cloud-vps-plus-18,Cloud VPS,Cloud VPS Plus 18,Image,OS,Rocky Linux 10,0,0,,,,,,EUR
cloud-vps-plus-18,cloud-vps-plus-18,Cloud VPS,Cloud VPS Plus 18,Image,OS,Rocky Linux 8,0,0,,,,,,EUR
cloud-vps-plus-18,cloud-vps-plus-18,Cloud VPS,Cloud VPS Plus 18,Image,OS,Rocky Linux 9,0,0,,,,,,EUR
cloud-vps-plus-18,cloud-vps-plus-18,Cloud VPS,Cloud VPS Plus 18,Image,OS,Ubuntu 19.10 (64 Bit),0,0,,,,,,EUR
cloud-vps-plus-18,cloud-vps-plus-18,Cloud VPS,Cloud VPS Plus 18,Image,OS,Ubuntu 22.04,0,0,,,,,,EUR
cloud-vps-plus-18,cloud-vps-plus-18,Cloud VPS,Cloud VPS Plus 18,Image,OS,Ubuntu 24.04,0,0,,,,,true,EUR
cloud-vps-plus-18,cloud-vps-plus-18,Cloud VPS,Cloud VPS Plus 18,Image,OS,Ubuntu 26.04,0,0,,,,,,EUR
cloud-vps-plus-18,cloud-vps-plus-18,Cloud VPS,Cloud VPS Plus 18,Image,OS,Windows Server Datacenter 2016,115,0,,,,,,EUR
cloud-vps-plus-18,cloud-vps-plus-18,Cloud VPS,Cloud VPS Plus 18,Image,OS,Windows Server Datacenter 2019,115,0,,,,,,EUR
cloud-vps-plus-18,cloud-vps-plus-18,Cloud VPS,Cloud VPS Plus 18,Image,OS,Windows Server Datacenter 2022,115,0,,,,,,EUR
cloud-vps-plus-18,cloud-vps-plus-18,Cloud VPS,Cloud VPS Plus 18,Image,OS,Windows Server Datacenter 2025,115,0,,,,,,EUR
cloud-vps-plus-18,cloud-vps-plus-18,Cloud VPS,Cloud VPS Plus 18,Image,Panels,cPanel/WHM (5 accounts),21.75,0,,,,,,EUR
cloud-vps-plus-18,cloud-vps-plus-18,Cloud VPS,Cloud VPS Plus 18,Image,Panels,Plesk Admin Edition,12,0,,,,,,EUR
cloud-vps-plus-18,cloud-vps-plus-18,Cloud VPS,Cloud VPS Plus 18,Image,Panels,Plesk Host Edition,36.5,0,,,,,,EUR
cloud-vps-plus-18,cloud-vps-plus-18,Cloud VPS,Cloud VPS Plus 18,Image,Panels,Plesk Pro Edition,19,0,,,,,,EUR
cloud-vps-plus-18,cloud-vps-plus-18,Cloud VPS,Cloud VPS Plus 18,Image,Panels,Webmin,0,0,,,,,,EUR
cloud-vps-plus-18,cloud-vps-plus-18,Cloud VPS,Cloud VPS Plus 18,Image,Panels,Webmin + LAMP,0,0,,,,,,EUR
cloud-vps-plus-18,cloud-vps-plus-18,Cloud VPS,Cloud VPS Plus 18,Networking,Bandwidth,Unlimited Traffic,0,0,,,,,true,EUR
cloud-vps-plus-18,cloud-vps-plus-18,Cloud VPS,Cloud VPS Plus 18,Networking,IPv4,1 IP Address,0,0,,,,,true,EUR
cloud-vps-plus-18,cloud-vps-plus-18,Cloud VPS,Cloud VPS Plus 18,Networking,IPv4,Additional IP Address,3.5,0,,,,,,EUR
cloud-vps-plus-18,cloud-vps-plus-18,Cloud VPS,Cloud VPS Plus 18,Networking,Private Networking,No Private Networking,0,0,,,,,true,EUR
cloud-vps-plus-18,cloud-vps-plus-18,Cloud VPS,Cloud VPS Plus 18,Networking,Private Networking,Private Networking Enabled,2.29,0,,,,,,EUR
cloud-vps-plus-18,cloud-vps-plus-18,Cloud VPS,Cloud VPS Plus 18,Region,America,United States (Central),22.85,0,America,United States (Central),US,Central,,EUR
cloud-vps-plus-18,cloud-vps-plus-18,Cloud VPS,Cloud VPS Plus 18,Region,America,United States (East),33.75,0,America,United States (East),US,East,,EUR
cloud-vps-plus-18,cloud-vps-plus-18,Cloud VPS,Cloud VPS Plus 18,Region,America,United States (West),28.3,0,America,United States (West),US,West,,EUR
cloud-vps-plus-18,cloud-vps-plus-18,Cloud VPS,Cloud VPS Plus 18,Region,Asia,India,52.25,0,Asia,India,IN,,,EUR
cloud-vps-plus-18,cloud-vps-plus-18,Cloud VPS,Cloud VPS Plus 18,Region,Asia,Japan,56.65,0,Asia,Japan,JP,,,EUR
cloud-vps-plus-18,cloud-vps-plus-18,Cloud VPS,Cloud VPS Plus 18,Region,Asia,Singapore,55.55,0,Asia,Singapore,SG,,,EUR
cloud-vps-plus-18,cloud-vps-plus-18,Cloud VPS,Cloud VPS Plus 18,Region,Australia,Australia,46.85,0,Australia,Australia,AU,,,EUR
cloud-vps-plus-18,cloud-vps-plus-18,Cloud VPS,Cloud VPS Plus 18,Region,Europe,European Union,0,0,Europe,European Union,EU,,true,EUR
cloud-vps-plus-18,cloud-vps-plus-18,Cloud VPS,Cloud VPS Plus 18,Region,Europe,United Kingdom,22.85,0,Europe,United Kingdom,UK,,,EUR
cloud-vps-plus-18,cloud-vps-plus-18,Cloud VPS,Cloud VPS Plus 18,Storage Type,NVMe,1.8 TB NVMe,22.5,0,,,,,,EUR
cloud-vps-plus-18,cloud-vps-plus-18,Cloud VPS,Cloud VPS Plus 18,Storage Type,NVMe,900 GB NVMe,0,0,,,,,true,EUR
storage-vps-10,storage-vps-10,Storage VPS,Storage VPS 10,Data Protection,None,No Data Protection,0,0,,,,,true,EUR
storage-vps-10,storage-vps-10,Storage VPS,Storage VPS 10,Image,Apps,Coolify Server,0,0,,,,,,EUR
storage-vps-10,storage-vps-10,Storage VPS,Storage VPS 10,Image,Apps,Docker,0,0,,,,,,EUR
storage-vps-10,storage-vps-10,Storage VPS,Storage VPS 10,Image,Apps,Dokploy Server,0,0,,,,,,EUR
storage-vps-10,storage-vps-10,Storage VPS,Storage VPS 10,Image,Apps,GitLab Server,0,0,,,,,,EUR
storage-vps-10,storage-vps-10,Storage VPS,Storage VPS 10,Image,Apps,Hermes Agent Server,0,0,,,,,,EUR
storage-vps-10,storage-vps-10,Storage VPS,Storage VPS 10,Image,Apps,LAMP,0,0,,,,,,EUR
storage-vps-10,storage-vps-10,Storage VPS,Storage VPS 10,Image,Apps,n8n Server,0,0,,,,,,EUR
storage-vps-10,storage-vps-10,Storage VPS,Storage VPS 10,Image,Apps,Nextcloud Server,0,0,,,,,,EUR
storage-vps-10,storage-vps-10,Storage VPS,Storage VPS 10,Image,Apps,OpenClaw Server,0,0,,,,,,EUR
storage-vps-10,storage-vps-10,Storage VPS,Storage VPS 10,Image,Apps,Paperclip Server,0,0,,,,,,EUR
storage-vps-10,storage-vps-10,Storage VPS,Storage VPS 10,Image,Apps,WireGuard Server,0,0,,,,,,EUR
storage-vps-10,storage-vps-10,Storage VPS,Storage VPS 10,Image,Apps,Zeroclaw Server,0,0,,,,,,EUR
storage-vps-10,storage-vps-10,Storage VPS,Storage VPS 10,Image,Blockchain,Flux Node,0,0,,,,,,EUR
storage-vps-10,storage-vps-10,Storage VPS,Storage VPS 10,Image,Blockchain,Horizen Node,0,0,,,,,,EUR
storage-vps-10,storage-vps-10,Storage VPS,Storage VPS 10,Image,Blockchain,IPFS Node,0,0,,,,,,EUR
storage-vps-10,storage-vps-10,Storage VPS,Storage VPS 10,Image,OS,AlmaLinux 10,0,0,,,,,,EUR
storage-vps-10,storage-vps-10,Storage VPS,Storage VPS 10,Image,OS,AlmaLinux 9,0,0,,,,,,EUR
storage-vps-10,storage-vps-10,Storage VPS,Storage VPS 10,Image,OS,Arch Linux,0,0,,,,,,EUR
storage-vps-10,storage-vps-10,Storage VPS,Storage VPS 10,Image,OS,Debian 12,0,0,,,,,,EUR
storage-vps-10,storage-vps-10,Storage VPS,Storage VPS 10,Image,OS,Debian 13,0,0,,,,,,EUR
storage-vps-10,storage-vps-10,Storage VPS,Storage VPS 10,Image,OS,FreeBSD 12.2,0,0,,,,,,EUR
storage-vps-10,storage-vps-10,Storage VPS,Storage VPS 10,Image,OS,Rocky Linux 10,0,0,,,,,,EUR
storage-vps-10,storage-vps-10,Storage VPS,Storage VPS 10,Image,OS,Rocky Linux 8,0,0,,,,,,EUR
storage-vps-10,storage-vps-10,Storage VPS,Storage VPS 10,Image,OS,Rocky Linux 9,0,0,,,,,,EUR
storage-vps-10,storage-vps-10,Storage VPS,Storage VPS 10,Image,OS,Ubuntu 19.10 (64 Bit),0,0,,,,,,EUR
storage-vps-10,storage-vps-10,Storage VPS,Storage VPS 10,Image,OS,Ubuntu 22.04,0,0,,,,,,EUR
storage-vps-10,storage-vps-10,Storage VPS,Storage VPS 10,Image,OS,Ubuntu 24.04,0,0,,,,,true,EUR
storage-vps-10,storage-vps-10,Storage VPS,Storage VPS 10,Image,OS,Ubuntu 26.04,0,0,,,,,,EUR
storage-vps-10,storage-vps-10,Storage VPS,Storage VPS 10,Image,OS,Windows Server 2016 Datacenter,4.4,0,,,,,,EUR
storage-vps-10,storage-vps-10,Storage VPS,Storage VPS 10,Image,OS,Windows Server 2022 Datacenter,5.2,0,,,,,,EUR
storage-vps-10,storage-vps-10,Storage VPS,Storage VPS 10,Image,OS,Windows Server 2025 Datacenter,5.2,0,,,,,,EUR
storage-vps-10,storage-vps-10,Storage VPS,Storage VPS 10,Image,Panels,cPanel/WHM (5 accounts),21.75,0,,,,,,EUR
storage-vps-10,storage-vps-10,Storage VPS,Storage VPS 10,Image,Panels,Plesk Admin Edition,12,0,,,,,,EUR
storage-vps-10,storage-vps-10,Storage VPS,Storage VPS 10,Image,Panels,Plesk Host Edition,36.5,0,,,,,,EUR
storage-vps-10,storage-vps-10,Storage VPS,Storage VPS 10,Image,Panels,Plesk Pro Edition,19,0,,,,,,EUR
storage-vps-10,storage-vps-10,Storage VPS,Storage VPS 10,Image,Panels,Webmin,0,0,,,,,,EUR
storage-vps-10,storage-vps-10,Storage VPS,Storage VPS 10,Image,Panels,Webmin + LAMP,0,0,,,,,,EUR
storage-vps-10,storage-vps-10,Storage VPS,Storage VPS 10,Networking,Bandwidth,10 TB Out + Unlimited In,0,0,,,,,,EUR
storage-vps-10,storage-vps-10,Storage VPS,Storage VPS 10,Networking,Bandwidth,32 TB Out + Unlimited In,0,0,,,,,,EUR
storage-vps-10,storage-vps-10,Storage VPS,Storage VPS 10,Networking,Bandwidth,Unlimited Traffic,0,0,,,,,true,EUR
storage-vps-10,storage-vps-10,Storage VPS,Storage VPS 10,Networking,IPv4,1 IP Address,0,0,,,,,true,EUR
storage-vps-10,storage-vps-10,Storage VPS,Storage VPS 10,Networking,IPv4,Additional IP Address,3.5,0,,,,,,EUR
storage-vps-10,storage-vps-10,Storage VPS,Storage VPS 10,Networking,Private Networking,No Private Networking,0,0,,,,,true,EUR
storage-vps-10,storage-vps-10,Storage VPS,Storage VPS 10,Networking,Private Networking,Private Networking Enabled,2.29,0,,,,,,EUR
storage-vps-10,storage-vps-10,Storage VPS,Storage VPS 10,Region,America,United States (Central),1.05,0,America,United States (Central),US,Central,,EUR
storage-vps-10,storage-vps-10,Storage VPS,Storage VPS 10,Region,America,United States (East),1.55,0,America,United States (East),US,East,,EUR
storage-vps-10,storage-vps-10,Storage VPS,Storage VPS 10,Region,America,United States (West),1.3,0,America,United States (West),US,West,,EUR
storage-vps-10,storage-vps-10,Storage VPS,Storage VPS 10,Region,Asia,India,2.4,0,Asia,India,IN,,,EUR
storage-vps-10,storage-vps-10,Storage VPS,Storage VPS 10,Region,Asia,Japan,2.55,0,Asia,Japan,JP,,,EUR
storage-vps-10,storage-vps-10,Storage VPS,Storage VPS 10,Region,Asia,Singapore,2.5,0,Asia,Singapore,SG,,,EUR
storage-vps-10,storage-vps-10,Storage VPS,Storage VPS 10,Region,Australia,Australia,2.15,0,Australia,Australia,AU,,,EUR
storage-vps-10,storage-vps-10,Storage VPS,Storage VPS 10,Region,Europe,European Union,0,0,Europe,European Union,EU,,true,EUR
storage-vps-10,storage-vps-10,Storage VPS,Storage VPS 10,Region,Europe,United Kingdom,1.05,0,Europe,United Kingdom,UK,,,EUR
storage-vps-10,storage-vps-10,Storage VPS,Storage VPS 10,Storage Type,SSD,300 GB SSD,0,0,,,,,true,EUR
storage-vps-20,storage-vps-20,Storage VPS,Storage VPS 20,Data Protection,None,No Data Protection,0,0,,,,,true,EUR
storage-vps-20,storage-vps-20,Storage VPS,Storage VPS 20,Image,Apps,Coolify Server,0,0,,,,,,EUR
storage-vps-20,storage-vps-20,Storage VPS,Storage VPS 20,Image,Apps,Docker,0,0,,,,,,EUR
storage-vps-20,storage-vps-20,Storage VPS,Storage VPS 20,Image,Apps,Dokploy Server,0,0,,,,,,EUR
storage-vps-20,storage-vps-20,Storage VPS,Storage VPS 20,Image,Apps,GitLab Server,0,0,,,,,,EUR
storage-vps-20,storage-vps-20,Storage VPS,Storage VPS 20,Image,Apps,Hermes Agent Server,0,0,,,,,,EUR
storage-vps-20,storage-vps-20,Storage VPS,Storage VPS 20,Image,Apps,LAMP,0,0,,,,,,EUR
storage-vps-20,storage-vps-20,Storage VPS,Storage VPS 20,Image,Apps,n8n Server,0,0,,,,,,EUR
storage-vps-20,storage-vps-20,Storage VPS,Storage VPS 20,Image,Apps,Nextcloud Server,0,0,,,,,,EUR
storage-vps-20,storage-vps-20,Storage VPS,Storage VPS 20,Image,Apps,OpenClaw Server,0,0,,,,,,EUR
storage-vps-20,storage-vps-20,Storage VPS,Storage VPS 20,Image,Apps,Paperclip Server,0,0,,,,,,EUR
storage-vps-20,storage-vps-20,Storage VPS,Storage VPS 20,Image,Apps,WireGuard Server,0,0,,,,,,EUR
storage-vps-20,storage-vps-20,Storage VPS,Storage VPS 20,Image,Apps,Zeroclaw Server,0,0,,,,,,EUR
storage-vps-20,storage-vps-20,Storage VPS,Storage VPS 20,Image,Blockchain,Flux Node,0,0,,,,,,EUR
storage-vps-20,storage-vps-20,Storage VPS,Storage VPS 20,Image,Blockchain,Horizen Node,0,0,,,,,,EUR
storage-vps-20,storage-vps-20,Storage VPS,Storage VPS 20,Image,Blockchain,IPFS Node,0,0,,,,,,EUR
storage-vps-20,storage-vps-20,Storage VPS,Storage VPS 20,Image,OS,AlmaLinux 10,0,0,,,,,,EUR
storage-vps-20,storage-vps-20,Storage VPS,Storage VPS 20,Image,OS,AlmaLinux 9,0,0,,,,,,EUR
storage-vps-20,storage-vps-20,Storage VPS,Storage VPS 20,Image,OS,Arch Linux,0,0,,,,,,EUR
storage-vps-20,storage-vps-20,Storage VPS,Storage VPS 20,Image,OS,Debian 12,0,0,,,,,,EUR
storage-vps-20,storage-vps-20,Storage VPS,Storage VPS 20,Image,OS,Debian 13,0,0,,,,,,EUR
storage-vps-20,storage-vps-20,Storage VPS,Storage VPS 20,Image,OS,FreeBSD 12.2,0,0,,,,,,EUR
storage-vps-20,storage-vps-20,Storage VPS,Storage VPS 20,Image,OS,Rocky Linux 10,0,0,,,,,,EUR
storage-vps-20,storage-vps-20,Storage VPS,Storage VPS 20,Image,OS,Rocky Linux 8,0,0,,,,,,EUR
storage-vps-20,storage-vps-20,Storage VPS,Storage VPS 20,Image,OS,Rocky Linux 9,0,0,,,,,,EUR
storage-vps-20,storage-vps-20,Storage VPS,Storage VPS 20,Image,OS,Ubuntu 19.10 (64 Bit),0,0,,,,,,EUR
storage-vps-20,storage-vps-20,Storage VPS,Storage VPS 20,Image,OS,Ubuntu 22.04,0,0,,,,,,EUR
storage-vps-20,storage-vps-20,Storage VPS,Storage VPS 20,Image,OS,Ubuntu 24.04,0,0,,,,,true,EUR
storage-vps-20,storage-vps-20,Storage VPS,Storage VPS 20,Image,OS,Ubuntu 26.04,0,0,,,,,,EUR
storage-vps-20,storage-vps-20,Storage VPS,Storage VPS 20,Image,OS,Windows Server 2016 Datacenter,6.85,0,,,,,,EUR
storage-vps-20,storage-vps-20,Storage VPS,Storage VPS 20,Image,OS,Windows Server 2019 Datacenter,8,0,,,,,,EUR
storage-vps-20,storage-vps-20,Storage VPS,Storage VPS 20,Image,OS,Windows Server 2022 Datacenter,8,0,,,,,,EUR
storage-vps-20,storage-vps-20,Storage VPS,Storage VPS 20,Image,OS,Windows Server 2025 Datacenter,8,0,,,,,,EUR
storage-vps-20,storage-vps-20,Storage VPS,Storage VPS 20,Image,Panels,cPanel/WHM (5 accounts),21.75,0,,,,,,EUR
storage-vps-20,storage-vps-20,Storage VPS,Storage VPS 20,Image,Panels,Plesk Admin Edition,12,0,,,,,,EUR
storage-vps-20,storage-vps-20,Storage VPS,Storage VPS 20,Image,Panels,Plesk Host Edition,36.5,0,,,,,,EUR
storage-vps-20,storage-vps-20,Storage VPS,Storage VPS 20,Image,Panels,Plesk Pro Edition,19,0,,,,,,EUR
storage-vps-20,storage-vps-20,Storage VPS,Storage VPS 20,Image,Panels,Webmin,0,0,,,,,,EUR
storage-vps-20,storage-vps-20,Storage VPS,Storage VPS 20,Image,Panels,Webmin + LAMP,0,0,,,,,,EUR
storage-vps-20,storage-vps-20,Storage VPS,Storage VPS 20,Networking,Bandwidth,10 TB Out + Unlimited In,0,0,,,,,,EUR
storage-vps-20,storage-vps-20,Storage VPS,Storage VPS 20,Networking,Bandwidth,32 TB Out + Unlimited In,0,0,,,,,,EUR
storage-vps-20,storage-vps-20,Storage VPS,Storage VPS 20,Networking,Bandwidth,Unlimited Traffic,0,0,,,,,true,EUR
storage-vps-20,storage-vps-20,Storage VPS,Storage VPS 20,Networking,IPv4,1 IP Address,0,0,,,,,true,EUR
storage-vps-20,storage-vps-20,Storage VPS,Storage VPS 20,Networking,IPv4,Additional IP Address,3.5,0,,,,,,EUR
storage-vps-20,storage-vps-20,Storage VPS,Storage VPS 20,Networking,Private Networking,No Private Networking,0,0,,,,,true,EUR
storage-vps-20,storage-vps-20,Storage VPS,Storage VPS 20,Networking,Private Networking,Private Networking Enabled,2.29,0,,,,,,EUR
storage-vps-20,storage-vps-20,Storage VPS,Storage VPS 20,Region,America,United States (Central),1.6,0,America,United States (Central),US,Central,,EUR
storage-vps-20,storage-vps-20,Storage VPS,Storage VPS 20,Region,America,United States (East),2.4,0,America,United States (East),US,East,,EUR
storage-vps-20,storage-vps-20,Storage VPS,Storage VPS 20,Region,America,United States (West),2,0,America,United States (West),US,West,,EUR
storage-vps-20,storage-vps-20,Storage VPS,Storage VPS 20,Region,Asia,India,3.7,0,Asia,India,IN,,,EUR
storage-vps-20,storage-vps-20,Storage VPS,Storage VPS 20,Region,Asia,Japan,4,0,Asia,Japan,JP,,,EUR
storage-vps-20,storage-vps-20,Storage VPS,Storage VPS 20,Region,Asia,Singapore,3.95,0,Asia,Singapore,SG,,,EUR
storage-vps-20,storage-vps-20,Storage VPS,Storage VPS 20,Region,Australia,Australia,3.3,0,Australia,Australia,AU,,,EUR
storage-vps-20,storage-vps-20,Storage VPS,Storage VPS 20,Region,Europe,European Union,0,0,Europe,European Union,EU,,true,EUR
storage-vps-20,storage-vps-20,Storage VPS,Storage VPS 20,Region,Europe,United Kingdom,1.6,0,Europe,United Kingdom,UK,,,EUR
storage-vps-20,storage-vps-20,Storage VPS,Storage VPS 20,Storage Type,SSD,400 GB SSD,0,0,,,,,true,EUR
storage-vps-30,storage-vps-30,Storage VPS,Storage VPS 30,Data Protection,None,No Data Protection,0,0,,,,,true,EUR
storage-vps-30,storage-vps-30,Storage VPS,Storage VPS 30,Image,Apps,Coolify Server,0,0,,,,,,EUR
storage-vps-30,storage-vps-30,Storage VPS,Storage VPS 30,Image,Apps,Docker,0,0,,,,,,EUR
storage-vps-30,storage-vps-30,Storage VPS,Storage VPS 30,Image,Apps,Dokploy Server,0,0,,,,,,EUR
storage-vps-30,storage-vps-30,Storage VPS,Storage VPS 30,Image,Apps,GitLab Server,0,0,,,,,,EUR
storage-vps-30,storage-vps-30,Storage VPS,Storage VPS 30,Image,Apps,Hermes Agent Server,0,0,,,,,,EUR
storage-vps-30,storage-vps-30,Storage VPS,Storage VPS 30,Image,Apps,LAMP,0,0,,,,,,EUR
storage-vps-30,storage-vps-30,Storage VPS,Storage VPS 30,Image,Apps,n8n Server,0,0,,,,,,EUR
storage-vps-30,storage-vps-30,Storage VPS,Storage VPS 30,Image,Apps,Nextcloud Server,0,0,,,,,,EUR
storage-vps-30,storage-vps-30,Storage VPS,Storage VPS 30,Image,Apps,OpenClaw Server,0,0,,,,,,EUR
storage-vps-30,storage-vps-30,Storage VPS,Storage VPS 30,Image,Apps,Paperclip Server,0,0,,,,,,EUR
storage-vps-30,storage-vps-30,Storage VPS,Storage VPS 30,Image,Apps,WireGuard Server,0,0,,,,,,EUR
storage-vps-30,storage-vps-30,Storage VPS,Storage VPS 30,Image,Apps,Zeroclaw Server,0,0,,,,,,EUR
storage-vps-30,storage-vps-30,Storage VPS,Storage VPS 30,Image,Blockchain,Bitcoin Node,0,0,,,,,,EUR
storage-vps-30,storage-vps-30,Storage VPS,Storage VPS 30,Image,Blockchain,Ethereum Staking Node,0,0,,,,,,EUR
storage-vps-30,storage-vps-30,Storage VPS,Storage VPS 30,Image,Blockchain,Flux Node,0,0,,,,,,EUR
storage-vps-30,storage-vps-30,Storage VPS,Storage VPS 30,Image,Blockchain,Horizen Node,0,0,,,,,,EUR
storage-vps-30,storage-vps-30,Storage VPS,Storage VPS 30,Image,Blockchain,IPFS Node,0,0,,,,,,EUR
storage-vps-30,storage-vps-30,Storage VPS,Storage VPS 30,Image,OS,AlmaLinux 10,0,0,,,,,,EUR
storage-vps-30,storage-vps-30,Storage VPS,Storage VPS 30,Image,OS,AlmaLinux 9,0,0,,,,,,EUR
storage-vps-30,storage-vps-30,Storage VPS,Storage VPS 30,Image,OS,Arch Linux,0,0,,,,,,EUR
storage-vps-30,storage-vps-30,Storage VPS,Storage VPS 30,Image,OS,Debian 12,0,0,,,,,,EUR
storage-vps-30,storage-vps-30,Storage VPS,Storage VPS 30,Image,OS,Debian 13,0,0,,,,,,EUR
storage-vps-30,storage-vps-30,Storage VPS,Storage VPS 30,Image,OS,FreeBSD 12.2,0,0,,,,,,EUR
storage-vps-30,storage-vps-30,Storage VPS,Storage VPS 30,Image,OS,Rocky Linux 10,0,0,,,,,,EUR
storage-vps-30,storage-vps-30,Storage VPS,Storage VPS 30,Image,OS,Rocky Linux 8,0,0,,,,,,EUR
storage-vps-30,storage-vps-30,Storage VPS,Storage VPS 30,Image,OS,Rocky Linux 9,0,0,,,,,,EUR
storage-vps-30,storage-vps-30,Storage VPS,Storage VPS 30,Image,OS,Ubuntu 19.10 (64 Bit),0,0,,,,,,EUR
storage-vps-30,storage-vps-30,Storage VPS,Storage VPS 30,Image,OS,Ubuntu 22.04,0,0,,,,,,EUR
storage-vps-30,storage-vps-30,Storage VPS,Storage VPS 30,Image,OS,Ubuntu 24.04,0,0,,,,,true,EUR
storage-vps-30,storage-vps-30,Storage VPS,Storage VPS 30,Image,OS,Ubuntu 26.04,0,0,,,,,,EUR
storage-vps-30,storage-vps-30,Storage VPS,Storage VPS 30,Image,OS,Windows Server 2016 Datacenter,13.8,0,,,,,,EUR
storage-vps-30,storage-vps-30,Storage VPS,Storage VPS 30,Image,OS,Windows Server 2019 Datacenter,17,0,,,,,,EUR
storage-vps-30,storage-vps-30,Storage VPS,Storage VPS 30,Image,OS,Windows Server 2022 Datacenter,17,0,,,,,,EUR
storage-vps-30,storage-vps-30,Storage VPS,Storage VPS 30,Image,OS,Windows Server 2025 Datacenter,17,0,,,,,,EUR
storage-vps-30,storage-vps-30,Storage VPS,Storage VPS 30,Image,Panels,cPanel/WHM (5 accounts),21.75,0,,,,,,EUR
storage-vps-30,storage-vps-30,Storage VPS,Storage VPS 30,Image,Panels,Plesk Admin Edition,12,0,,,,,,EUR
storage-vps-30,storage-vps-30,Storage VPS,Storage VPS 30,Image,Panels,Plesk Host Edition,36.5,0,,,,,,EUR
storage-vps-30,storage-vps-30,Storage VPS,Storage VPS 30,Image,Panels,Plesk Pro Edition,19,0,,,,,,EUR
storage-vps-30,storage-vps-30,Storage VPS,Storage VPS 30,Image,Panels,Webmin,0,0,,,,,,EUR
storage-vps-30,storage-vps-30,Storage VPS,Storage VPS 30,Image,Panels,Webmin + LAMP,0,0,,,,,,EUR
storage-vps-30,storage-vps-30,Storage VPS,Storage VPS 30,Networking,Bandwidth,10 TB Out + Unlimited In,0,0,,,,,,EUR
storage-vps-30,storage-vps-30,Storage VPS,Storage VPS 30,Networking,Bandwidth,32 TB Out + Unlimited In,0,0,,,,,,EUR
storage-vps-30,storage-vps-30,Storage VPS,Storage VPS 30,Networking,Bandwidth,Unlimited Traffic,0,0,,,,,true,EUR
storage-vps-30,storage-vps-30,Storage VPS,Storage VPS 30,Networking,IPv4,1 IP Address,0,0,,,,,true,EUR
storage-vps-30,storage-vps-30,Storage VPS,Storage VPS 30,Networking,IPv4,Additional IP Address,3.5,0,,,,,,EUR
storage-vps-30,storage-vps-30,Storage VPS,Storage VPS 30,Networking,Private Networking,No Private Networking,0,0,,,,,true,EUR
storage-vps-30,storage-vps-30,Storage VPS,Storage VPS 30,Networking,Private Networking,Private Networking Enabled,2.29,0,,,,,,EUR
storage-vps-30,storage-vps-30,Storage VPS,Storage VPS 30,Region,America,United States (Central),3.25,0,America,United States (Central),US,Central,,EUR
storage-vps-30,storage-vps-30,Storage VPS,Storage VPS 30,Region,America,United States (East),4.75,0,America,United States (East),US,East,,EUR
storage-vps-30,storage-vps-30,Storage VPS,Storage VPS 30,Region,America,United States (West),4,0,America,United States (West),US,West,,EUR
storage-vps-30,storage-vps-30,Storage VPS,Storage VPS 30,Region,Asia,India,7.4,0,Asia,India,IN,,,EUR
storage-vps-30,storage-vps-30,Storage VPS,Storage VPS 30,Region,Asia,Japan,8,0,Asia,Japan,JP,,,EUR
storage-vps-30,storage-vps-30,Storage VPS,Storage VPS 30,Region,Asia,Singapore,7.85,0,Asia,Singapore,SG,,,EUR
storage-vps-30,storage-vps-30,Storage VPS,Storage VPS 30,Region,Australia,Australia,6.6,0,Australia,Australia,AU,,,EUR
storage-vps-30,storage-vps-30,Storage VPS,Storage VPS 30,Region,Europe,European Union,0,0,Europe,European Union,EU,,true,EUR
storage-vps-30,storage-vps-30,Storage VPS,Storage VPS 30,Region,Europe,United Kingdom,3.25,0,Europe,United Kingdom,UK,,,EUR
storage-vps-30,storage-vps-30,Storage VPS,Storage VPS 30,Storage Type,SSD,1 TB SSD,0,0,,,,,true,EUR
storage-vps-40,storage-vps-40,Storage VPS,Storage VPS 40,Data Protection,None,No Data Protection,0,0,,,,,true,EUR
storage-vps-40,storage-vps-40,Storage VPS,Storage VPS 40,Image,Apps,Coolify Server,0,0,,,,,,EUR
storage-vps-40,storage-vps-40,Storage VPS,Storage VPS 40,Image,Apps,Docker,0,0,,,,,,EUR
storage-vps-40,storage-vps-40,Storage VPS,Storage VPS 40,Image,Apps,Dokploy Server,0,0,,,,,,EUR
storage-vps-40,storage-vps-40,Storage VPS,Storage VPS 40,Image,Apps,GitLab Server,0,0,,,,,,EUR
storage-vps-40,storage-vps-40,Storage VPS,Storage VPS 40,Image,Apps,Hermes Agent Server,0,0,,,,,,EUR
storage-vps-40,storage-vps-40,Storage VPS,Storage VPS 40,Image,Apps,LAMP,0,0,,,,,,EUR
storage-vps-40,storage-vps-40,Storage VPS,Storage VPS 40,Image,Apps,n8n Server,0,0,,,,,,EUR
storage-vps-40,storage-vps-40,Storage VPS,Storage VPS 40,Image,Apps,Nextcloud Server,0,0,,,,,,EUR
storage-vps-40,storage-vps-40,Storage VPS,Storage VPS 40,Image,Apps,Ollama Server,0,0,,,,,,EUR
storage-vps-40,storage-vps-40,Storage VPS,Storage VPS 40,Image,Apps,OpenClaw Server,0,0,,,,,,EUR
storage-vps-40,storage-vps-40,Storage VPS,Storage VPS 40,Image,Apps,Paperclip Server,0,0,,,,,,EUR
storage-vps-40,storage-vps-40,Storage VPS,Storage VPS 40,Image,Apps,WireGuard Server,0,0,,,,,,EUR
storage-vps-40,storage-vps-40,Storage VPS,Storage VPS 40,Image,Apps,Zeroclaw Server,0,0,,,,,,EUR
storage-vps-40,storage-vps-40,Storage VPS,Storage VPS 40,Image,Blockchain,Bitcoin Node,0,0,,,,,,EUR
storage-vps-40,storage-vps-40,Storage VPS,Storage VPS 40,Image,Blockchain,Ethereum Staking Node,0,0,,,,,,EUR
storage-vps-40,storage-vps-40,Storage VPS,Storage VPS 40,Image,Blockchain,Flux Node,0,0,,,,,,EUR
storage-vps-40,storage-vps-40,Storage VPS,Storage VPS 40,Image,Blockchain,Horizen Node,0,0,,,,,,EUR
storage-vps-40,storage-vps-40,Storage VPS,Storage VPS 40,Image,Blockchain,IPFS Node,0,0,,,,,,EUR
storage-vps-40,storage-vps-40,Storage VPS,Storage VPS 40,Image,OS,AlmaLinux 10,0,0,,,,,,EUR
storage-vps-40,storage-vps-40,Storage VPS,Storage VPS 40,Image,OS,AlmaLinux 9,0,0,,,,,,EUR
storage-vps-40,storage-vps-40,Storage VPS,Storage VPS 40,Image,OS,Arch Linux,0,0,,,,,,EUR
storage-vps-40,storage-vps-40,Storage VPS,Storage VPS 40,Image,OS,Debian 12,0,0,,,,,,EUR
storage-vps-40,storage-vps-40,Storage VPS,Storage VPS 40,Image,OS,Debian 13,0,0,,,,,,EUR
storage-vps-40,storage-vps-40,Storage VPS,Storage VPS 40,Image,OS,FreeBSD 12.2,0,0,,,,,,EUR
storage-vps-40,storage-vps-40,Storage VPS,Storage VPS 40,Image,OS,Rocky Linux 8,0,0,,,,,,EUR
storage-vps-40,storage-vps-40,Storage VPS,Storage VPS 40,Image,OS,Rocky Linux 9,0,0,,,,,,EUR
storage-vps-40,storage-vps-40,Storage VPS,Storage VPS 40,Image,OS,Ubuntu 19.10 (64 Bit),0,0,,,,,,EUR
storage-vps-40,storage-vps-40,Storage VPS,Storage VPS 40,Image,OS,Ubuntu 22.04,0,0,,,,,,EUR
storage-vps-40,storage-vps-40,Storage VPS,Storage VPS 40,Image,OS,Ubuntu 24.04,0,0,,,,,true,EUR
storage-vps-40,storage-vps-40,Storage VPS,Storage VPS 40,Image,OS,Ubuntu 26.04,0,0,,,,,,EUR
storage-vps-40,storage-vps-40,Storage VPS,Storage VPS 40,Image,OS,Windows Server 2016 Datacenter,25.35,0,,,,,,EUR
storage-vps-40,storage-vps-40,Storage VPS,Storage VPS 40,Image,OS,Windows Server 2019 Datacenter,28,0,,,,,,EUR
storage-vps-40,storage-vps-40,Storage VPS,Storage VPS 40,Image,OS,Windows Server 2022 Datacenter,28,0,,,,,,EUR
storage-vps-40,storage-vps-40,Storage VPS,Storage VPS 40,Image,OS,Windows Server 2025 Datacenter,28,0,,,,,,EUR
storage-vps-40,storage-vps-40,Storage VPS,Storage VPS 40,Image,Panels,cPanel/WHM (5 accounts),21.75,0,,,,,,EUR
storage-vps-40,storage-vps-40,Storage VPS,Storage VPS 40,Image,Panels,Plesk Admin Edition,12,0,,,,,,EUR
storage-vps-40,storage-vps-40,Storage VPS,Storage VPS 40,Image,Panels,Plesk Host Edition,36.5,0,,,,,,EUR
storage-vps-40,storage-vps-40,Storage VPS,Storage VPS 40,Image,Panels,Plesk Pro Edition,19,0,,,,,,EUR
storage-vps-40,storage-vps-40,Storage VPS,Storage VPS 40,Image,Panels,Webmin,0,0,,,,,,EUR
storage-vps-40,storage-vps-40,Storage VPS,Storage VPS 40,Image,Panels,Webmin + LAMP,0,0,,,,,,EUR
storage-vps-40,storage-vps-40,Storage VPS,Storage VPS 40,Networking,Bandwidth,10 TB Out + Unlimited In,0,0,,,,,,EUR
storage-vps-40,storage-vps-40,Storage VPS,Storage VPS 40,Networking,Bandwidth,32 TB Out + Unlimited In,0,0,,,,,,EUR
storage-vps-40,storage-vps-40,Storage VPS,Storage VPS 40,Networking,Bandwidth,Unlimited Traffic,0,0,,,,,true,EUR
storage-vps-40,storage-vps-40,Storage VPS,Storage VPS 40,Networking,IPv4,1 IP Address,0,0,,,,,true,EUR
storage-vps-40,storage-vps-40,Storage VPS,Storage VPS 40,Networking,IPv4,Additional IP Address,3.5,0,,,,,,EUR
storage-vps-40,storage-vps-40,Storage VPS,Storage VPS 40,Networking,Private Networking,No Private Networking,0,0,,,,,true,EUR
storage-vps-40,storage-vps-40,Storage VPS,Storage VPS 40,Networking,Private Networking,Private Networking Enabled,2.29,0,,,,,,EUR
storage-vps-40,storage-vps-40,Storage VPS,Storage VPS 40,Region,America,United States (Central),5.8,0,America,United States (Central),US,Central,,EUR
storage-vps-40,storage-vps-40,Storage VPS,Storage VPS 40,Region,America,United States (East),8.55,0,America,United States (East),US,East,,EUR
storage-vps-40,storage-vps-40,Storage VPS,Storage VPS 40,Region,America,United States (West),7.15,0,America,United States (West),US,West,,EUR
storage-vps-40,storage-vps-40,Storage VPS,Storage VPS 40,Region,Asia,India,13.2,0,Asia,India,IN,,,EUR
storage-vps-40,storage-vps-40,Storage VPS,Storage VPS 40,Region,Asia,Japan,14.3,0,Asia,Japan,JP,,,EUR
storage-vps-40,storage-vps-40,Storage VPS,Storage VPS 40,Region,Asia,Singapore,14.05,0,Asia,Singapore,SG,,,EUR
storage-vps-40,storage-vps-40,Storage VPS,Storage VPS 40,Region,Australia,Australia,11.85,0,Australia,Australia,AU,,,EUR
storage-vps-40,storage-vps-40,Storage VPS,Storage VPS 40,Region,Europe,European Union,0,0,Europe,European Union,EU,,true,EUR
storage-vps-40,storage-vps-40,Storage VPS,Storage VPS 40,Region,Europe,United Kingdom,5.8,0,Europe,United Kingdom,UK,,,EUR
storage-vps-40,storage-vps-40,Storage VPS,Storage VPS 40,Storage Type,SSD,1.2 TB SSD,0,0,,,,,true,EUR
storage-vps-50,storage-vps-50,Storage VPS,Storage VPS 50,Data Protection,None,No Data Protection,0,0,,,,,true,EUR
storage-vps-50,storage-vps-50,Storage VPS,Storage VPS 50,Image,Apps,Coolify Server,0,0,,,,,,EUR
storage-vps-50,storage-vps-50,Storage VPS,Storage VPS 50,Image,Apps,Docker,0,0,,,,,,EUR
storage-vps-50,storage-vps-50,Storage VPS,Storage VPS 50,Image,Apps,Dokploy Server,0,0,,,,,,EUR
storage-vps-50,storage-vps-50,Storage VPS,Storage VPS 50,Image,Apps,GitLab Server,0,0,,,,,,EUR
storage-vps-50,storage-vps-50,Storage VPS,Storage VPS 50,Image,Apps,Hermes Agent Server,0,0,,,,,,EUR
storage-vps-50,storage-vps-50,Storage VPS,Storage VPS 50,Image,Apps,LAMP,0,0,,,,,,EUR
storage-vps-50,storage-vps-50,Storage VPS,Storage VPS 50,Image,Apps,n8n Server,0,0,,,,,,EUR
storage-vps-50,storage-vps-50,Storage VPS,Storage VPS 50,Image,Apps,Nextcloud Server,0,0,,,,,,EUR
storage-vps-50,storage-vps-50,Storage VPS,Storage VPS 50,Image,Apps,Ollama Server,0,0,,,,,,EUR
storage-vps-50,storage-vps-50,Storage VPS,Storage VPS 50,Image,Apps,OpenClaw Server,0,0,,,,,,EUR
storage-vps-50,storage-vps-50,Storage VPS,Storage VPS 50,Image,Apps,Paperclip Server,0,0,,,,,,EUR
storage-vps-50,storage-vps-50,Storage VPS,Storage VPS 50,Image,Apps,WireGuard Server,0,0,,,,,,EUR
storage-vps-50,storage-vps-50,Storage VPS,Storage VPS 50,Image,Apps,Zeroclaw Server,0,0,,,,,,EUR
storage-vps-50,storage-vps-50,Storage VPS,Storage VPS 50,Image,Blockchain,Bitcoin Node,0,0,,,,,,EUR
storage-vps-50,storage-vps-50,Storage VPS,Storage VPS 50,Image,Blockchain,Ethereum Staking Node,0,0,,,,,,EUR
storage-vps-50,storage-vps-50,Storage VPS,Storage VPS 50,Image,Blockchain,Flux Node,0,0,,,,,,EUR
storage-vps-50,storage-vps-50,Storage VPS,Storage VPS 50,Image,Blockchain,Horizen Node,0,0,,,,,,EUR
storage-vps-50,storage-vps-50,Storage VPS,Storage VPS 50,Image,Blockchain,IPFS Node,0,0,,,,,,EUR
storage-vps-50,storage-vps-50,Storage VPS,Storage VPS 50,Image,OS,AlmaLinux 10,0,0,,,,,,EUR
storage-vps-50,storage-vps-50,Storage VPS,Storage VPS 50,Image,OS,AlmaLinux 9,0,0,,,,,,EUR
storage-vps-50,storage-vps-50,Storage VPS,Storage VPS 50,Image,OS,Arch Linux,0,0,,,,,,EUR
storage-vps-50,storage-vps-50,Storage VPS,Storage VPS 50,Image,OS,Debian 12,0,0,,,,,,EUR
storage-vps-50,storage-vps-50,Storage VPS,Storage VPS 50,Image,OS,Debian 13,0,0,,,,,,EUR
storage-vps-50,storage-vps-50,Storage VPS,Storage VPS 50,Image,OS,FreeBSD 12.2,0,0,,,,,,EUR
storage-vps-50,storage-vps-50,Storage VPS,Storage VPS 50,Image,OS,Rocky Linux 8,0,0,,,,,,EUR
storage-vps-50,storage-vps-50,Storage VPS,Storage VPS 50,Image,OS,Rocky Linux 9,0,0,,,,,,EUR
storage-vps-50,storage-vps-50,Storage VPS,Storage VPS 50,Image,OS,Ubuntu 19.10 (64 Bit),0,0,,,,,,EUR
storage-vps-50,storage-vps-50,Storage VPS,Storage VPS 50,Image,OS,Ubuntu 22.04,0,0,,,,,,EUR
storage-vps-50,storage-vps-50,Storage VPS,Storage VPS 50,Image,OS,Ubuntu 24.04,0,0,,,,,true,EUR
storage-vps-50,storage-vps-50,Storage VPS,Storage VPS 50,Image,OS,Ubuntu 26.04,0,0,,,,,,EUR
storage-vps-50,storage-vps-50,Storage VPS,Storage VPS 50,Image,OS,Windows Server 2016 Datacenter,50,0,,,,,,EUR
storage-vps-50,storage-vps-50,Storage VPS,Storage VPS 50,Image,OS,Windows Server 2019 Datacenter,53,0,,,,,,EUR
storage-vps-50,storage-vps-50,Storage VPS,Storage VPS 50,Image,OS,Windows Server 2022 Datacenter,53,0,,,,,,EUR
storage-vps-50,storage-vps-50,Storage VPS,Storage VPS 50,Image,OS,Windows Server 2025 Datacenter,53,0,,,,,,EUR
storage-vps-50,storage-vps-50,Storage VPS,Storage VPS 50,Image,Panels,cPanel/WHM (5 accounts),21.75,0,,,,,,EUR
storage-vps-50,storage-vps-50,Storage VPS,Storage VPS 50,Image,Panels,Plesk Admin Edition,12,0,,,,,,EUR
storage-vps-50,storage-vps-50,Storage VPS,Storage VPS 50,Image,Panels,Plesk Host Edition,36.5,0,,,,,,EUR
storage-vps-50,storage-vps-50,Storage VPS,Storage VPS 50,Image,Panels,Plesk Pro Edition,19,0,,,,,,EUR
storage-vps-50,storage-vps-50,Storage VPS,Storage VPS 50,Image,Panels,Webmin,0,0,,,,,,EUR
storage-vps-50,storage-vps-50,Storage VPS,Storage VPS 50,Image,Panels,Webmin + LAMP,0,0,,,,,,EUR
storage-vps-50,storage-vps-50,Storage VPS,Storage VPS 50,Networking,Bandwidth,10 TB Out + Unlimited In,0,0,,,,,,EUR
storage-vps-50,storage-vps-50,Storage VPS,Storage VPS 50,Networking,Bandwidth,32 TB Out + Unlimited In,0,0,,,,,,EUR
storage-vps-50,storage-vps-50,Storage VPS,Storage VPS 50,Networking,Bandwidth,Unlimited Traffic,0,0,,,,,true,EUR
storage-vps-50,storage-vps-50,Storage VPS,Storage VPS 50,Networking,IPv4,1 IP Address,0,0,,,,,true,EUR
storage-vps-50,storage-vps-50,Storage VPS,Storage VPS 50,Networking,IPv4,Additional IP Address,3.5,0,,,,,,EUR
storage-vps-50,storage-vps-50,Storage VPS,Storage VPS 50,Networking,Private Networking,No Private Networking,0,0,,,,,true,EUR
storage-vps-50,storage-vps-50,Storage VPS,Storage VPS 50,Networking,Private Networking,Private Networking Enabled,2.29,0,,,,,,EUR
storage-vps-50,storage-vps-50,Storage VPS,Storage VPS 50,Region,America,United States (Central),8.55,0,America,United States (Central),US,Central,,EUR
storage-vps-50,storage-vps-50,Storage VPS,Storage VPS 50,Region,America,United States (East),12.6,0,America,United States (East),US,East,,EUR
storage-vps-50,storage-vps-50,Storage VPS,Storage VPS 50,Region,America,United States (West),10.6,0,America,United States (West),US,West,,EUR
storage-vps-50,storage-vps-50,Storage VPS,Storage VPS 50,Region,Asia,India,19.55,0,Asia,India,IN,,,EUR
storage-vps-50,storage-vps-50,Storage VPS,Storage VPS 50,Region,Asia,Japan,20.75,0,Asia,Japan,JP,,,EUR
storage-vps-50,storage-vps-50,Storage VPS,Storage VPS 50,Region,Asia,Singapore,20.75,0,Asia,Singapore,SG,,,EUR
storage-vps-50,storage-vps-50,Storage VPS,Storage VPS 50,Region,Australia,Australia,17.5,0,Australia,Australia,AU,,,EUR
storage-vps-50,storage-vps-50,Storage VPS,Storage VPS 50,Region,Europe,European Union,0,0,Europe,European Union,EU,,true,EUR
storage-vps-50,storage-vps-50,Storage VPS,Storage VPS 50,Region,Europe,United Kingdom,8.55,0,Europe,United Kingdom,UK,,,EUR
storage-vps-50,storage-vps-50,Storage VPS,Storage VPS 50,Storage Type,SSD,1.4 TB SSD,0,0,,,,,true,EUR
vds-s,vds-s,Cloud VDS,Cloud VDS S,Data Protection,None,No Backup Space,0,0,,,,,true,EUR
vds-s,vds-s,Cloud VDS,Cloud VDS S,Image,Apps,Coolify Server,0,0,,,,,,EUR
vds-s,vds-s,Cloud VDS,Cloud VDS S,Image,Apps,Docker,0,0,,,,,,EUR
vds-s,vds-s,Cloud VDS,Cloud VDS S,Image,Apps,Dokploy Server,0,0,,,,,,EUR
vds-s,vds-s,Cloud VDS,Cloud VDS S,Image,Apps,GitLab Server,0,0,,,,,,EUR
vds-s,vds-s,Cloud VDS,Cloud VDS S,Image,Apps,Hermes Agent Server,0,0,,,,,,EUR
vds-s,vds-s,Cloud VDS,Cloud VDS S,Image,Apps,LAMP,0,0,,,,,,EUR
vds-s,vds-s,Cloud VDS,Cloud VDS S,Image,Apps,n8n Server,0,0,,,,,,EUR
vds-s,vds-s,Cloud VDS,Cloud VDS S,Image,Apps,Nextcloud Server,0,0,,,,,,EUR
vds-s,vds-s,Cloud VDS,Cloud VDS S,Image,Apps,OpenClaw Server,0,0,,,,,,EUR
vds-s,vds-s,Cloud VDS,Cloud VDS S,Image,Apps,Paperclip Server,0,0,,,,,,EUR
vds-s,vds-s,Cloud VDS,Cloud VDS S,Image,Apps,WireGuard Server,0,0,,,,,,EUR
vds-s,vds-s,Cloud VDS,Cloud VDS S,Image,Apps,Zeroclaw Server,0,0,,,,,,EUR
vds-s,vds-s,Cloud VDS,Cloud VDS S,Image,Blockchain,Bitcoin Node,0,0,,,,,,EUR
vds-s,vds-s,Cloud VDS,Cloud VDS S,Image,Blockchain,Ethereum Staking Node,0,0,,,,,,EUR
vds-s,vds-s,Cloud VDS,Cloud VDS S,Image,Blockchain,Flux Node,0,0,,,,,,EUR
vds-s,vds-s,Cloud VDS,Cloud VDS S,Image,Blockchain,Horizen Node,0,0,,,,,,EUR
vds-s,vds-s,Cloud VDS,Cloud VDS S,Image,Blockchain,IPFS Node,0,0,,,,,,EUR
vds-s,vds-s,Cloud VDS,Cloud VDS S,Image,OS,AlmaLinux 10,0,0,,,,,,EUR
vds-s,vds-s,Cloud VDS,Cloud VDS S,Image,OS,AlmaLinux 9,0,0,,,,,,EUR
vds-s,vds-s,Cloud VDS,Cloud VDS S,Image,OS,Arch Linux,0,0,,,,,,EUR
vds-s,vds-s,Cloud VDS,Cloud VDS S,Image,OS,Debian 12,0,0,,,,,,EUR
vds-s,vds-s,Cloud VDS,Cloud VDS S,Image,OS,FreeBSD 12.2,0,0,,,,,,EUR
vds-s,vds-s,Cloud VDS,Cloud VDS S,Image,OS,Rocky Linux 8,0,0,,,,,,EUR
vds-s,vds-s,Cloud VDS,Cloud VDS S,Image,OS,Rocky Linux 9,0,0,,,,,,EUR
vds-s,vds-s,Cloud VDS,Cloud VDS S,Image,OS,Ubuntu 19.10 (64 Bit),0,0,,,,,,EUR
vds-s,vds-s,Cloud VDS,Cloud VDS S,Image,OS,Ubuntu 22.04,0,0,,,,,,EUR
vds-s,vds-s,Cloud VDS,Cloud VDS S,Image,OS,Ubuntu 24.04,0,0,,,,,true,EUR
vds-s,vds-s,Cloud VDS,Cloud VDS S,Image,OS,Ubuntu 26.04,0,0,,,,,,EUR
vds-s,vds-s,Cloud VDS,Cloud VDS S,Image,OS,Windows Server 2012R2 Standard,50,50,,,,,,EUR
vds-s,vds-s,Cloud VDS,Cloud VDS S,Image,OS,Windows Server 2016 Standard,50,50,,,,,,EUR
vds-s,vds-s,Cloud VDS,Cloud VDS S,Image,OS,Windows Server 2019 Standard,50,50,,,,,,EUR
vds-s,vds-s,Cloud VDS,Cloud VDS S,Image,OS,Windows Server 2022 Standard,50,50,,,,,,EUR
vds-s,vds-s,Cloud VDS,Cloud VDS S,Image,OS,Windows Server 2025 Standard,50,50,,,,,,EUR
vds-s,vds-s,Cloud VDS,Cloud VDS S,Image,Panels,cPanel/WHM (5 accounts),21.75,0,,,,,,EUR
vds-s,vds-s,Cloud VDS,Cloud VDS S,Image,Panels,Plesk Admin Edition,12,0,,,,,,EUR
vds-s,vds-s,Cloud VDS,Cloud VDS S,Image,Panels,Plesk Host Edition,36.5,0,,,,,,EUR
vds-s,vds-s,Cloud VDS,Cloud VDS S,Image,Panels,Plesk Pro Edition,19,0,,,,,,EUR
vds-s,vds-s,Cloud VDS,Cloud VDS S,Image,Panels,Webmin,0,0,,,,,,EUR
vds-s,vds-s,Cloud VDS,Cloud VDS S,Image,Panels,Webmin + LAMP,0,0,,,,,,EUR
vds-s,vds-s,Cloud VDS,Cloud VDS S,Networking,Bandwidth,10 TB Out + Unlimited In,0,0,,,,,,EUR
vds-s,vds-s,Cloud VDS,Cloud VDS S,Networking,Bandwidth,32 TB Out + Unlimited In,0,0,,,,,,EUR
vds-s,vds-s,Cloud VDS,Cloud VDS S,Networking,Bandwidth,Unlimited and Unmetered Traffic,86.29,0,,,,,,EUR
vds-s,vds-s,Cloud VDS,Cloud VDS S,Networking,Bandwidth,Unlimited Traffic,0,0,,,,,true,EUR
vds-s,vds-s,Cloud VDS,Cloud VDS S,Networking,IPv4,1 IP Address,0,0,,,,,true,EUR
vds-s,vds-s,Cloud VDS,Cloud VDS S,Networking,IPv4,Additional IP Address,3.5,0,,,,,,EUR
vds-s,vds-s,Cloud VDS,Cloud VDS S,Networking,Private Networking,No Private Networking,0,0,,,,,true,EUR
vds-s,vds-s,Cloud VDS,Cloud VDS S,Networking,Private Networking,Private Networking Enabled,5.79,0,,,,,,EUR
vds-s,vds-s,Cloud VDS,Cloud VDS S,Region,America,United States (Central),9,0,America,United States (Central),US,Central,,EUR
vds-s,vds-s,Cloud VDS,Cloud VDS S,Region,America,United States (East),13.3,0,America,United States (East),US,East,,EUR
vds-s,vds-s,Cloud VDS,Cloud VDS S,Region,America,United States (West),11.15,0,America,United States (West),US,West,,EUR
vds-s,vds-s,Cloud VDS,Cloud VDS S,Region,Asia,India,20.6,0,Asia,India,IN,,,EUR
vds-s,vds-s,Cloud VDS,Cloud VDS S,Region,Asia,Japan,22.3,0,Asia,Japan,JP,,,EUR
vds-s,vds-s,Cloud VDS,Cloud VDS S,Region,Australia,Australia,18.45,0,Australia,Australia,AU,,,EUR
vds-s,vds-s,Cloud VDS,Cloud VDS S,Region,Europe,European Union,0,0,Europe,European Union,EU,,true,EUR
vds-s,vds-s,Cloud VDS,Cloud VDS S,Region,Europe,United Kingdom,9,0,Europe,United Kingdom,UK,,,EUR
vds-s,vds-s,Cloud VDS,Cloud VDS S,Storage,NVMe,180 GB NVMe,0,0,,,,,true,EUR
vds-s,vds-s,Cloud VDS,Cloud VDS S,Storage,SSD,1 TB SSD,24.99,0,,,,,,EUR
vds-s,vds-s,Cloud VDS,Cloud VDS S,Storage,SSD,2 TB SSD,39.09,0,,,,,,EUR
vds-s,vds-s,Cloud VDS,Cloud VDS S,Storage,SSD,4 TB SSD,103.49,0,,,,,,EUR
vds-m,vds-m,Cloud VDS,Cloud VDS M,Data Protection,None,No Backup Space,0,0,,,,,true,EUR
vds-m,vds-m,Cloud VDS,Cloud VDS M,Image,Apps,Coolify Server,0,0,,,,,,EUR
vds-m,vds-m,Cloud VDS,Cloud VDS M,Image,Apps,DeepSeek,0,0,,,,,,EUR
vds-m,vds-m,Cloud VDS,Cloud VDS M,Image,Apps,Docker,0,0,,,,,,EUR
vds-m,vds-m,Cloud VDS,Cloud VDS M,Image,Apps,Dokploy Server,0,0,,,,,,EUR
vds-m,vds-m,Cloud VDS,Cloud VDS M,Image,Apps,GitLab Server,0,0,,,,,,EUR
vds-m,vds-m,Cloud VDS,Cloud VDS M,Image,Apps,Hermes Agent Server,0,0,,,,,,EUR
vds-m,vds-m,Cloud VDS,Cloud VDS M,Image,Apps,LAMP,0,0,,,,,,EUR
vds-m,vds-m,Cloud VDS,Cloud VDS M,Image,Apps,n8n Server,0,0,,,,,,EUR
vds-m,vds-m,Cloud VDS,Cloud VDS M,Image,Apps,Nextcloud Server,0,0,,,,,,EUR
vds-m,vds-m,Cloud VDS,Cloud VDS M,Image,Apps,Ollama Server,0,0,,,,,,EUR
vds-m,vds-m,Cloud VDS,Cloud VDS M,Image,Apps,OpenClaw Server,0,0,,,,,,EUR
vds-m,vds-m,Cloud VDS,Cloud VDS M,Image,Apps,Paperclip Server,0,0,,,,,,EUR
vds-m,vds-m,Cloud VDS,Cloud VDS M,Image,Apps,WireGuard Server,0,0,,,,,,EUR
vds-m,vds-m,Cloud VDS,Cloud VDS M,Image,Apps,Zeroclaw Server,0,0,,,,,,EUR
vds-m,vds-m,Cloud VDS,Cloud VDS M,Image,Blockchain,Bitcoin Node,0,0,,,,,,EUR
vds-m,vds-m,Cloud VDS,Cloud VDS M,Image,Blockchain,Ethereum Staking Node,0,0,,,,,,EUR
vds-m,vds-m,Cloud VDS,Cloud VDS M,Image,Blockchain,Horizen Node,0,0,,,,,,EUR
vds-m,vds-m,Cloud VDS,Cloud VDS M,Image,OS,AlmaLinux 10,0,0,,,,,,EUR
vds-m,vds-m,Cloud VDS,Cloud VDS M,Image,OS,AlmaLinux 9,0,0,,,,,,EUR
vds-m,vds-m,Cloud VDS,Cloud VDS M,Image,OS,Arch Linux,0,0,,,,,,EUR
vds-m,vds-m,Cloud VDS,Cloud VDS M,Image,OS,Debian 12,0,0,,,,,,EUR
vds-m,vds-m,Cloud VDS,Cloud VDS M,Image,OS,FreeBSD 12.2,0,0,,,,,,EUR
vds-m,vds-m,Cloud VDS,Cloud VDS M,Image,OS,Rocky Linux 8,0,0,,,,,,EUR
vds-m,vds-m,Cloud VDS,Cloud VDS M,Image,OS,Rocky Linux 9,0,0,,,,,,EUR
vds-m,vds-m,Cloud VDS,Cloud VDS M,Image,OS,Ubuntu 19.10 (64 Bit),0,0,,,,,,EUR
vds-m,vds-m,Cloud VDS,Cloud VDS M,Image,OS,Ubuntu 24.04,0,0,,,,,true,EUR
vds-m,vds-m,Cloud VDS,Cloud VDS M,Image,OS,Ubuntu 26.04,0,0,,,,,,EUR
vds-m,vds-m,Cloud VDS,Cloud VDS M,Image,OS,Windows Server 2012R2 Standard,50,50,,,,,,EUR
vds-m,vds-m,Cloud VDS,Cloud VDS M,Image,OS,Windows Server 2016 Standard,50,50,,,,,,EUR
vds-m,vds-m,Cloud VDS,Cloud VDS M,Image,OS,Windows Server 2019 Standard,50,50,,,,,,EUR
vds-m,vds-m,Cloud VDS,Cloud VDS M,Image,OS,Windows Server 2022 Standard,50,50,,,,,,EUR
vds-m,vds-m,Cloud VDS,Cloud VDS M,Image,OS,Windows Server 2025 Standard,50,50,,,,,,EUR
vds-m,vds-m,Cloud VDS,Cloud VDS M,Image,Panels,cPanel/WHM (5 accounts),21.75,0,,,,,,EUR
vds-m,vds-m,Cloud VDS,Cloud VDS M,Image,Panels,Plesk Admin Edition,12,0,,,,,,EUR
vds-m,vds-m,Cloud VDS,Cloud VDS M,Image,Panels,Plesk Host Edition,36.5,0,,,,,,EUR
vds-m,vds-m,Cloud VDS,Cloud VDS M,Image,Panels,Plesk Pro Edition,19,0,,,,,,EUR
vds-m,vds-m,Cloud VDS,Cloud VDS M,Image,Panels,Webmin,0,0,,,,,,EUR
vds-m,vds-m,Cloud VDS,Cloud VDS M,Image,Panels,Webmin + LAMP,0,0,,,,,,EUR
vds-m,vds-m,Cloud VDS,Cloud VDS M,Networking,Bandwidth,10 TB Out + Unlimited In,0,0,,,,,,EUR
vds-m,vds-m,Cloud VDS,Cloud VDS M,Networking,Bandwidth,32 TB Out + Unlimited In,0,0,,,,,,EUR
vds-m,vds-m,Cloud VDS,Cloud VDS M,Networking,Bandwidth,80 TB Out + Unlimited In,86.29,0,,,,,,EUR
vds-m,vds-m,Cloud VDS,Cloud VDS M,Networking,Bandwidth,Unlimited and Unmetered Traffic,172.49,0,,,,,,EUR
vds-m,vds-m,Cloud VDS,Cloud VDS M,Networking,Bandwidth,Unlimited Traffic,0,0,,,,,true,EUR
vds-m,vds-m,Cloud VDS,Cloud VDS M,Networking,IPv4,1 IP Address,0,0,,,,,true,EUR
vds-m,vds-m,Cloud VDS,Cloud VDS M,Networking,IPv4,Additional IP Address,3.5,0,,,,,,EUR
vds-m,vds-m,Cloud VDS,Cloud VDS M,Networking,Private Networking,No Private Networking,0,0,,,,,true,EUR
vds-m,vds-m,Cloud VDS,Cloud VDS M,Networking,Private Networking,Private Networking Enabled,5.79,0,,,,,,EUR
vds-m,vds-m,Cloud VDS,Cloud VDS M,Region,America,United States (Central),11.3,0,America,United States (Central),US,Central,,EUR
vds-m,vds-m,Cloud VDS,Cloud VDS M,Region,America,United States (East),16.7,0,America,United States (East),US,East,,EUR
vds-m,vds-m,Cloud VDS,Cloud VDS M,Region,America,United States (West),14,0,America,United States (West),US,West,,EUR
vds-m,vds-m,Cloud VDS,Cloud VDS M,Region,Asia,India,25.85,0,Asia,India,IN,,,EUR
vds-m,vds-m,Cloud VDS,Cloud VDS M,Region,Asia,Japan,28.05,0,Asia,Japan,JP,,,EUR
vds-m,vds-m,Cloud VDS,Cloud VDS M,Region,Asia,Singapore,27.5,0,Asia,Singapore,SG,,,EUR
vds-m,vds-m,Cloud VDS,Cloud VDS M,Region,Australia,Australia,23.2,0,Australia,Australia,AU,,,EUR
vds-m,vds-m,Cloud VDS,Cloud VDS M,Region,Europe,European Union,0,0,Europe,European Union,EU,,true,EUR
vds-m,vds-m,Cloud VDS,Cloud VDS M,Region,Europe,United Kingdom,11.3,0,Europe,United Kingdom,UK,,,EUR
vds-m,vds-m,Cloud VDS,Cloud VDS M,Storage,NVMe,240 GB NVMe,0,0,,,,,true,EUR
vds-m,vds-m,Cloud VDS,Cloud VDS M,Storage,SSD,1 TB SSD,24.99,0,,,,,,EUR
vds-m,vds-m,Cloud VDS,Cloud VDS M,Storage,SSD,2 TB SSD,39.09,0,,,,,,EUR
vds-m,vds-m,Cloud VDS,Cloud VDS M,Storage,SSD,4 TB SSD,103.49,0,,,,,,EUR
vds-l,vds-l,Cloud VDS,Cloud VDS L,Data Protection,None,No Backup Space,0,0,,,,,true,EUR
vds-l,vds-l,Cloud VDS,Cloud VDS L,Image,Apps,Coolify Server,0,0,,,,,,EUR
vds-l,vds-l,Cloud VDS,Cloud VDS L,Image,Apps,DeepSeek,0,0,,,,,,EUR
vds-l,vds-l,Cloud VDS,Cloud VDS L,Image,Apps,Docker,0,0,,,,,,EUR
vds-l,vds-l,Cloud VDS,Cloud VDS L,Image,Apps,Dokploy Server,0,0,,,,,,EUR
vds-l,vds-l,Cloud VDS,Cloud VDS L,Image,Apps,GitLab Server,0,0,,,,,,EUR
vds-l,vds-l,Cloud VDS,Cloud VDS L,Image,Apps,Hermes Agent Server,0,0,,,,,,EUR
vds-l,vds-l,Cloud VDS,Cloud VDS L,Image,Apps,LAMP,0,0,,,,,,EUR
vds-l,vds-l,Cloud VDS,Cloud VDS L,Image,Apps,n8n Server,0,0,,,,,,EUR
vds-l,vds-l,Cloud VDS,Cloud VDS L,Image,Apps,Nextcloud Server,0,0,,,,,,EUR
vds-l,vds-l,Cloud VDS,Cloud VDS L,Image,Apps,Ollama Server,0,0,,,,,,EUR
vds-l,vds-l,Cloud VDS,Cloud VDS L,Image,Apps,OpenClaw Server,0,0,,,,,,EUR
vds-l,vds-l,Cloud VDS,Cloud VDS L,Image,Apps,Paperclip Server,0,0,,,,,,EUR
vds-l,vds-l,Cloud VDS,Cloud VDS L,Image,Apps,WireGuard Server,0,0,,,,,,EUR
vds-l,vds-l,Cloud VDS,Cloud VDS L,Image,Apps,Zeroclaw Server,0,0,,,,,,EUR
vds-l,vds-l,Cloud VDS,Cloud VDS L,Image,Blockchain,Bitcoin Node,0,0,,,,,,EUR
vds-l,vds-l,Cloud VDS,Cloud VDS L,Image,Blockchain,Ethereum Staking Node,0,0,,,,,,EUR
vds-l,vds-l,Cloud VDS,Cloud VDS L,Image,Blockchain,Horizen Node,0,0,,,,,,EUR
vds-l,vds-l,Cloud VDS,Cloud VDS L,Image,OS,AlmaLinux 10,0,0,,,,,,EUR
vds-l,vds-l,Cloud VDS,Cloud VDS L,Image,OS,AlmaLinux 9,0,0,,,,,,EUR
vds-l,vds-l,Cloud VDS,Cloud VDS L,Image,OS,Arch Linux,0,0,,,,,,EUR
vds-l,vds-l,Cloud VDS,Cloud VDS L,Image,OS,Debian 12,0,0,,,,,,EUR
vds-l,vds-l,Cloud VDS,Cloud VDS L,Image,OS,FreeBSD 12.2,0,0,,,,,,EUR
vds-l,vds-l,Cloud VDS,Cloud VDS L,Image,OS,Rocky Linux 8,0,0,,,,,,EUR
vds-l,vds-l,Cloud VDS,Cloud VDS L,Image,OS,Rocky Linux 9,0,0,,,,,,EUR
vds-l,vds-l,Cloud VDS,Cloud VDS L,Image,OS,Ubuntu 19.10 (64 Bit),0,0,,,,,,EUR
vds-l,vds-l,Cloud VDS,Cloud VDS L,Image,OS,Ubuntu 24.04,0,0,,,,,true,EUR
vds-l,vds-l,Cloud VDS,Cloud VDS L,Image,OS,Ubuntu 26.04,0,0,,,,,,EUR
vds-l,vds-l,Cloud VDS,Cloud VDS L,Image,OS,Windows Server 2012R2 Standard,50,50,,,,,,EUR
vds-l,vds-l,Cloud VDS,Cloud VDS L,Image,OS,Windows Server 2016 Standard,50,50,,,,,,EUR
vds-l,vds-l,Cloud VDS,Cloud VDS L,Image,OS,Windows Server 2019 Standard,50,50,,,,,,EUR
vds-l,vds-l,Cloud VDS,Cloud VDS L,Image,OS,Windows Server 2022 Standard,50,50,,,,,,EUR
vds-l,vds-l,Cloud VDS,Cloud VDS L,Image,OS,Windows Server 2025 Standard,50,50,,,,,,EUR
vds-l,vds-l,Cloud VDS,Cloud VDS L,Image,Panels,cPanel/WHM (5 accounts),21.75,0,,,,,,EUR
vds-l,vds-l,Cloud VDS,Cloud VDS L,Image,Panels,Plesk Admin Edition,12,0,,,,,,EUR
vds-l,vds-l,Cloud VDS,Cloud VDS L,Image,Panels,Plesk Host Edition,36.5,0,,,,,,EUR
vds-l,vds-l,Cloud VDS,Cloud VDS L,Image,Panels,Plesk Pro Edition,19,0,,,,,,EUR
vds-l,vds-l,Cloud VDS,Cloud VDS L,Image,Panels,Webmin,0,0,,,,,,EUR
vds-l,vds-l,Cloud VDS,Cloud VDS L,Image,Panels,Webmin + LAMP,0,0,,,,,,EUR
vds-l,vds-l,Cloud VDS,Cloud VDS L,Networking,Bandwidth,10 TB Out + Unlimited In,0,0,,,,,,EUR
vds-l,vds-l,Cloud VDS,Cloud VDS L,Networking,Bandwidth,160 TB Out + Unlimited In,172.49,0,,,,,,EUR
vds-l,vds-l,Cloud VDS,Cloud VDS L,Networking,Bandwidth,32 TB Out + Unlimited In,0,0,,,,,,EUR
vds-l,vds-l,Cloud VDS,Cloud VDS L,Networking,Bandwidth,80 TB Out + Unlimited In,86.29,0,,,,,,EUR
vds-l,vds-l,Cloud VDS,Cloud VDS L,Networking,Bandwidth,Unlimited and Unmetered Traffic,258.79,0,,,,,,EUR
vds-l,vds-l,Cloud VDS,Cloud VDS L,Networking,Bandwidth,Unlimited Traffic,0,0,,,,,true,EUR
vds-l,vds-l,Cloud VDS,Cloud VDS L,Networking,IPv4,1 IP Address,0,0,,,,,true,EUR
vds-l,vds-l,Cloud VDS,Cloud VDS L,Networking,IPv4,Additional IP Address,3.5,0,,,,,,EUR
vds-l,vds-l,Cloud VDS,Cloud VDS L,Networking,Private Networking,No Private Networking,0,0,,,,,true,EUR
vds-l,vds-l,Cloud VDS,Cloud VDS L,Networking,Private Networking,Private Networking Enabled,5.79,0,,,,,,EUR
vds-l,vds-l,Cloud VDS,Cloud VDS L,Region,America,United States (West),19.75,0,America,United States (West),US,West,,EUR
vds-l,vds-l,Cloud VDS,Cloud VDS L,Region,Asia,India,36.45,0,Asia,India,IN,,,EUR
vds-l,vds-l,Cloud VDS,Cloud VDS L,Region,Asia,Japan,39.45,0,Asia,Japan,JP,,,EUR
vds-l,vds-l,Cloud VDS,Cloud VDS L,Region,Asia,Singapore,38.7,0,Asia,Singapore,SG,,,EUR
vds-l,vds-l,Cloud VDS,Cloud VDS L,Region,Australia,Australia,32.65,0,Australia,Australia,AU,,,EUR
vds-l,vds-l,Cloud VDS,Cloud VDS L,Region,Europe,European Union,0,0,Europe,European Union,EU,,true,EUR
vds-l,vds-l,Cloud VDS,Cloud VDS L,Region,Europe,United Kingdom,15.95,0,Europe,United Kingdom,UK,,,EUR
vds-l,vds-l,Cloud VDS,Cloud VDS L,Storage,NVMe,360 GB NVMe,0,0,,,,,true,EUR
vds-l,vds-l,Cloud VDS,Cloud VDS L,Storage,SSD,1 TB SSD,24.99,0,,,,,,EUR
vds-l,vds-l,Cloud VDS,Cloud VDS L,Storage,SSD,2 TB SSD,39.09,0,,,,,,EUR
vds-l,vds-l,Cloud VDS,Cloud VDS L,Storage,SSD,4 TB SSD,103.49,0,,,,,,EUR
vds-xl,vds-xl,Cloud VDS,Cloud VDS XL,Data Protection,None,No Backup Space,0,0,,,,,true,EUR
vds-xl,vds-xl,Cloud VDS,Cloud VDS XL,Image,Apps,Coolify Server,0,0,,,,,,EUR
vds-xl,vds-xl,Cloud VDS,Cloud VDS XL,Image,Apps,DeepSeek,0,0,,,,,,EUR
vds-xl,vds-xl,Cloud VDS,Cloud VDS XL,Image,Apps,Docker,0,0,,,,,,EUR
vds-xl,vds-xl,Cloud VDS,Cloud VDS XL,Image,Apps,Dokploy Server,0,0,,,,,,EUR
vds-xl,vds-xl,Cloud VDS,Cloud VDS XL,Image,Apps,GitLab Server,0,0,,,,,,EUR
vds-xl,vds-xl,Cloud VDS,Cloud VDS XL,Image,Apps,Hermes Agent Server,0,0,,,,,,EUR
vds-xl,vds-xl,Cloud VDS,Cloud VDS XL,Image,Apps,LAMP,0,0,,,,,,EUR
vds-xl,vds-xl,Cloud VDS,Cloud VDS XL,Image,Apps,n8n Server,0,0,,,,,,EUR
vds-xl,vds-xl,Cloud VDS,Cloud VDS XL,Image,Apps,Nextcloud Server,0,0,,,,,,EUR
vds-xl,vds-xl,Cloud VDS,Cloud VDS XL,Image,Apps,Ollama Server,0,0,,,,,,EUR
vds-xl,vds-xl,Cloud VDS,Cloud VDS XL,Image,Apps,OpenClaw Server,0,0,,,,,,EUR
vds-xl,vds-xl,Cloud VDS,Cloud VDS XL,Image,Apps,Paperclip Server,0,0,,,,,,EUR
vds-xl,vds-xl,Cloud VDS,Cloud VDS XL,Image,Apps,WireGuard Server,0,0,,,,,,EUR
vds-xl,vds-xl,Cloud VDS,Cloud VDS XL,Image,Apps,Zeroclaw Server,0,0,,,,,,EUR
vds-xl,vds-xl,Cloud VDS,Cloud VDS XL,Image,Blockchain,Bitcoin Node,0,0,,,,,,EUR
vds-xl,vds-xl,Cloud VDS,Cloud VDS XL,Image,Blockchain,Ethereum Staking Node,0,0,,,,,,EUR
vds-xl,vds-xl,Cloud VDS,Cloud VDS XL,Image,Blockchain,Horizen Node,0,0,,,,,,EUR
vds-xl,vds-xl,Cloud VDS,Cloud VDS XL,Image,OS,AlmaLinux 10,0,0,,,,,,EUR
vds-xl,vds-xl,Cloud VDS,Cloud VDS XL,Image,OS,AlmaLinux 9,0,0,,,,,,EUR
vds-xl,vds-xl,Cloud VDS,Cloud VDS XL,Image,OS,Arch Linux,0,0,,,,,,EUR
vds-xl,vds-xl,Cloud VDS,Cloud VDS XL,Image,OS,Debian 12,0,0,,,,,,EUR
vds-xl,vds-xl,Cloud VDS,Cloud VDS XL,Image,OS,FreeBSD 12.2,0,0,,,,,,EUR
vds-xl,vds-xl,Cloud VDS,Cloud VDS XL,Image,OS,Rocky Linux 8,0,0,,,,,,EUR
vds-xl,vds-xl,Cloud VDS,Cloud VDS XL,Image,OS,Rocky Linux 9,0,0,,,,,,EUR
vds-xl,vds-xl,Cloud VDS,Cloud VDS XL,Image,OS,Ubuntu 19.10 (64 Bit),0,0,,,,,,EUR
vds-xl,vds-xl,Cloud VDS,Cloud VDS XL,Image,OS,Ubuntu 24.04,0,0,,,,,true,EUR
vds-xl,vds-xl,Cloud VDS,Cloud VDS XL,Image,OS,Ubuntu 26.04,0,0,,,,,,EUR
vds-xl,vds-xl,Cloud VDS,Cloud VDS XL,Image,OS,Windows Server 2012R2 Standard,50,50,,,,,,EUR
vds-xl,vds-xl,Cloud VDS,Cloud VDS XL,Image,OS,Windows Server 2016 Standard,50,50,,,,,,EUR
vds-xl,vds-xl,Cloud VDS,Cloud VDS XL,Image,OS,Windows Server 2019 Standard,50,50,,,,,,EUR
vds-xl,vds-xl,Cloud VDS,Cloud VDS XL,Image,OS,Windows Server 2022 Standard,50,50,,,,,,EUR
vds-xl,vds-xl,Cloud VDS,Cloud VDS XL,Image,OS,Windows Server 2025 Standard,50,50,,,,,,EUR
vds-xl,vds-xl,Cloud VDS,Cloud VDS XL,Image,Panels,cPanel/WHM (5 accounts),21.75,0,,,,,,EUR
vds-xl,vds-xl,Cloud VDS,Cloud VDS XL,Image,Panels,Plesk Admin Edition,12,0,,,,,,EUR
vds-xl,vds-xl,Cloud VDS,Cloud VDS XL,Image,Panels,Plesk Host Edition,36.5,0,,,,,,EUR
vds-xl,vds-xl,Cloud VDS,Cloud VDS XL,Image,Panels,Plesk Pro Edition,19,0,,,,,,EUR
vds-xl,vds-xl,Cloud VDS,Cloud VDS XL,Image,Panels,Webmin,0,0,,,,,,EUR
vds-xl,vds-xl,Cloud VDS,Cloud VDS XL,Image,Panels,Webmin + LAMP,0,0,,,,,,EUR
vds-xl,vds-xl,Cloud VDS,Cloud VDS XL,Networking,Bandwidth,160 TB Out + Unlimited In,172.49,0,,,,,,EUR
vds-xl,vds-xl,Cloud VDS,Cloud VDS XL,Networking,Bandwidth,243 TB Out + Unlimited In,258.79,0,,,,,,EUR
vds-xl,vds-xl,Cloud VDS,Cloud VDS XL,Networking,Bandwidth,32 TB Out + Unlimited In,0,0,,,,,,EUR
vds-xl,vds-xl,Cloud VDS,Cloud VDS XL,Networking,Bandwidth,80 TB Out + Unlimited In,86.29,0,,,,,,EUR
vds-xl,vds-xl,Cloud VDS,Cloud VDS XL,Networking,Bandwidth,Unlimited and Unmetered Traffic,344.99,0,,,,,,EUR
vds-xl,vds-xl,Cloud VDS,Cloud VDS XL,Networking,Bandwidth,Unlimited Traffic,0,0,,,,,true,EUR
vds-xl,vds-xl,Cloud VDS,Cloud VDS XL,Networking,IPv4,1 IP Address,0,0,,,,,true,EUR
vds-xl,vds-xl,Cloud VDS,Cloud VDS XL,Networking,IPv4,Additional IP Address,3.5,0,,,,,,EUR
vds-xl,vds-xl,Cloud VDS,Cloud VDS XL,Networking,Private Networking,No Private Networking,0,0,,,,,true,EUR
vds-xl,vds-xl,Cloud VDS,Cloud VDS XL,Networking,Private Networking,Private Networking Enabled,5.79,0,,,,,,EUR
vds-xl,vds-xl,Cloud VDS,Cloud VDS XL,Region,America,United States (Central),21,0,America,United States (Central),US,Central,,EUR
vds-xl,vds-xl,Cloud VDS,Cloud VDS XL,Region,America,United States (East),32,0,America,United States (East),US,East,,EUR
vds-xl,vds-xl,Cloud VDS,Cloud VDS XL,Region,America,United States (West),26,0,America,United States (West),US,West,,EUR
vds-xl,vds-xl,Cloud VDS,Cloud VDS XL,Region,Asia,India,49,0,Asia,India,IN,,,EUR
vds-xl,vds-xl,Cloud VDS,Cloud VDS XL,Region,Asia,Singapore,52,0,Asia,Singapore,SG,,,EUR
vds-xl,vds-xl,Cloud VDS,Cloud VDS XL,Region,Australia,Australia,44,0,Australia,Australia,AU,,,EUR
vds-xl,vds-xl,Cloud VDS,Cloud VDS XL,Region,Europe,European Union,0,0,Europe,European Union,EU,,true,EUR
vds-xl,vds-xl,Cloud VDS,Cloud VDS XL,Region,Europe,United Kingdom,21,0,Europe,United Kingdom,UK,,,EUR
vds-xl,vds-xl,Cloud VDS,Cloud VDS XL,Storage,NVMe,480 GB NVMe,0,0,,,,,true,EUR
vds-xl,vds-xl,Cloud VDS,Cloud VDS XL,Storage,SSD,1 TB SSD,24.99,0,,,,,,EUR
vds-xl,vds-xl,Cloud VDS,Cloud VDS XL,Storage,SSD,2 TB SSD,39.09,0,,,,,,EUR
vds-xl,vds-xl,Cloud VDS,Cloud VDS XL,Storage,SSD,4 TB SSD,103.49,0,,,,,,EUR
vds-xxl,vds-xxl,Cloud VDS,Cloud VDS XXL,Data Protection,None,No Backup Space,0,0,,,,,true,EUR
vds-xxl,vds-xxl,Cloud VDS,Cloud VDS XXL,Image,Apps,Coolify Server,0,0,,,,,,EUR
vds-xxl,vds-xxl,Cloud VDS,Cloud VDS XXL,Image,Apps,DeepSeek,0,0,,,,,,EUR
vds-xxl,vds-xxl,Cloud VDS,Cloud VDS XXL,Image,Apps,Docker,0,0,,,,,,EUR
vds-xxl,vds-xxl,Cloud VDS,Cloud VDS XXL,Image,Apps,Dokploy Server,0,0,,,,,,EUR
vds-xxl,vds-xxl,Cloud VDS,Cloud VDS XXL,Image,Apps,GitLab Server,0,0,,,,,,EUR
vds-xxl,vds-xxl,Cloud VDS,Cloud VDS XXL,Image,Apps,Hermes Agent Server,0,0,,,,,,EUR
vds-xxl,vds-xxl,Cloud VDS,Cloud VDS XXL,Image,Apps,LAMP,0,0,,,,,,EUR
vds-xxl,vds-xxl,Cloud VDS,Cloud VDS XXL,Image,Apps,n8n Server,0,0,,,,,,EUR
vds-xxl,vds-xxl,Cloud VDS,Cloud VDS XXL,Image,Apps,Nextcloud Server,0,0,,,,,,EUR
vds-xxl,vds-xxl,Cloud VDS,Cloud VDS XXL,Image,Apps,Ollama Server,0,0,,,,,,EUR
vds-xxl,vds-xxl,Cloud VDS,Cloud VDS XXL,Image,Apps,OpenClaw Server,0,0,,,,,,EUR
vds-xxl,vds-xxl,Cloud VDS,Cloud VDS XXL,Image,Apps,Paperclip Server,0,0,,,,,,EUR
vds-xxl,vds-xxl,Cloud VDS,Cloud VDS XXL,Image,Apps,WireGuard Server,0,0,,,,,,EUR
vds-xxl,vds-xxl,Cloud VDS,Cloud VDS XXL,Image,Apps,Zeroclaw Server,0,0,,,,,,EUR
vds-xxl,vds-xxl,Cloud VDS,Cloud VDS XXL,Image,Blockchain,Bitcoin Node,0,0,,,,,,EUR
vds-xxl,vds-xxl,Cloud VDS,Cloud VDS XXL,Image,Blockchain,Ethereum Staking Node,0,0,,,,,,EUR
vds-xxl,vds-xxl,Cloud VDS,Cloud VDS XXL,Image,Blockchain,Horizen Node,0,0,,,,,,EUR
vds-xxl,vds-xxl,Cloud VDS,Cloud VDS XXL,Image,OS,AlmaLinux 10,0,0,,,,,,EUR
vds-xxl,vds-xxl,Cloud VDS,Cloud VDS XXL,Image,OS,AlmaLinux 9,0,0,,,,,,EUR
vds-xxl,vds-xxl,Cloud VDS,Cloud VDS XXL,Image,OS,Arch Linux,0,0,,,,,,EUR
vds-xxl,vds-xxl,Cloud VDS,Cloud VDS XXL,Image,OS,Debian 12,0,0,,,,,,EUR
vds-xxl,vds-xxl,Cloud VDS,Cloud VDS XXL,Image,OS,FreeBSD 12.2,0,0,,,,,,EUR
vds-xxl,vds-xxl,Cloud VDS,Cloud VDS XXL,Image,OS,Rocky Linux 8,0,0,,,,,,EUR
vds-xxl,vds-xxl,Cloud VDS,Cloud VDS XXL,Image,OS,Rocky Linux 9,0,0,,,,,,EUR
vds-xxl,vds-xxl,Cloud VDS,Cloud VDS XXL,Image,OS,Ubuntu 19.10 (64 Bit),0,0,,,,,,EUR
vds-xxl,vds-xxl,Cloud VDS,Cloud VDS XXL,Image,OS,Ubuntu 24.04,0,0,,,,,true,EUR
vds-xxl,vds-xxl,Cloud VDS,Cloud VDS XXL,Image,OS,Ubuntu 26.04,0,0,,,,,,EUR
vds-xxl,vds-xxl,Cloud VDS,Cloud VDS XXL,Image,OS,Windows Server 2012R2 Standard,50,50,,,,,,EUR
vds-xxl,vds-xxl,Cloud VDS,Cloud VDS XXL,Image,OS,Windows Server 2016 Standard,50,50,,,,,,EUR
vds-xxl,vds-xxl,Cloud VDS,Cloud VDS XXL,Image,OS,Windows Server 2019 Standard,50,50,,,,,,EUR
vds-xxl,vds-xxl,Cloud VDS,Cloud VDS XXL,Image,OS,Windows Server 2022 Standard,50,50,,,,,,EUR
vds-xxl,vds-xxl,Cloud VDS,Cloud VDS XXL,Image,OS,Windows Server 2025 Standard,50,50,,,,,,EUR
vds-xxl,vds-xxl,Cloud VDS,Cloud VDS XXL,Image,Panels,cPanel/WHM (5 accounts),21.75,0,,,,,,EUR
vds-xxl,vds-xxl,Cloud VDS,Cloud VDS XXL,Image,Panels,Plesk Admin Edition,12,0,,,,,,EUR
vds-xxl,vds-xxl,Cloud VDS,Cloud VDS XXL,Image,Panels,Plesk Pro Edition,19,0,,,,,,EUR
vds-xxl,vds-xxl,Cloud VDS,Cloud VDS XXL,Image,Panels,Webmin,0,0,,,,,,EUR
vds-xxl,vds-xxl,Cloud VDS,Cloud VDS XXL,Image,Panels,Webmin + LAMP,0,0,,,,,,EUR
vds-xxl,vds-xxl,Cloud VDS,Cloud VDS XXL,Networking,Bandwidth,10 TB Out + Unlimited In,0,0,,,,,,EUR
vds-xxl,vds-xxl,Cloud VDS,Cloud VDS XXL,Networking,Bandwidth,160 TB Out + Unlimited In,172.49,0,,,,,,EUR
vds-xxl,vds-xxl,Cloud VDS,Cloud VDS XXL,Networking,Bandwidth,243 TB Out + Unlimited In,258.79,0,,,,,,EUR
vds-xxl,vds-xxl,Cloud VDS,Cloud VDS XXL,Networking,Bandwidth,32 TB Out + Unlimited In,0,0,,,,,,EUR
vds-xxl,vds-xxl,Cloud VDS,Cloud VDS XXL,Networking,Bandwidth,80 TB Out + Unlimited In,86.29,0,,,,,,EUR
vds-xxl,vds-xxl,Cloud VDS,Cloud VDS XXL,Networking,Bandwidth,Unlimited and Unmetered Traffic,344.99,0,,,,,,EUR
vds-xxl,vds-xxl,Cloud VDS,Cloud VDS XXL,Networking,Bandwidth,Unlimited Traffic,0,0,,,,,true,EUR
vds-xxl,vds-xxl,Cloud VDS,Cloud VDS XXL,Networking,IPv4,1 IP Address,0,0,,,,,true,EUR
vds-xxl,vds-xxl,Cloud VDS,Cloud VDS XXL,Networking,IPv4,Additional IP Address,3.5,0,,,,,,EUR
vds-xxl,vds-xxl,Cloud VDS,Cloud VDS XXL,Networking,Private Networking,No Private Networking,0,0,,,,,true,EUR
vds-xxl,vds-xxl,Cloud VDS,Cloud VDS XXL,Networking,Private Networking,Private Networking Enabled,5.79,0,,,,,,EUR
vds-xxl,vds-xxl,Cloud VDS,Cloud VDS XXL,Region,America,United States (Central),32,0,America,United States (Central),US,Central,,EUR
vds-xxl,vds-xxl,Cloud VDS,Cloud VDS XXL,Region,America,United States (East),47,0,America,United States (East),US,East,,EUR
vds-xxl,vds-xxl,Cloud VDS,Cloud VDS XXL,Region,America,United States (West),39,0,America,United States (West),US,West,,EUR
vds-xxl,vds-xxl,Cloud VDS,Cloud VDS XXL,Region,Asia,India,73,0,Asia,India,IN,,,EUR
vds-xxl,vds-xxl,Cloud VDS,Cloud VDS XXL,Region,Asia,Japan,79,0,Asia,Japan,JP,,,EUR
vds-xxl,vds-xxl,Cloud VDS,Cloud VDS XXL,Region,Asia,Singapore,78,0,Asia,Singapore,SG,,,EUR
vds-xxl,vds-xxl,Cloud VDS,Cloud VDS XXL,Region,Australia,Australia,65,0,Australia,Australia,AU,,,EUR
vds-xxl,vds-xxl,Cloud VDS,Cloud VDS XXL,Region,Europe,European Union,0,0,Europe,European Union,EU,,true,EUR
vds-xxl,vds-xxl,Cloud VDS,Cloud VDS XXL,Region,Europe,United Kingdom,32,0,Europe,United Kingdom,UK,,,EUR
vds-xxl,vds-xxl,Cloud VDS,Cloud VDS XXL,Storage,NVMe,720 GB NVMe,0,0,,,,,true,EUR
vds-xxl,vds-xxl,Cloud VDS,Cloud VDS XXL,Storage,SSD,1 TB SSD,24.99,0,,,,,,EUR
vds-xxl,vds-xxl,Cloud VDS,Cloud VDS XXL,Storage,SSD,2 TB SSD,39.09,0,,,,,,EUR
vds-xxl,vds-xxl,Cloud VDS,Cloud VDS XXL,Storage,SSD,4 TB SSD,103.49,0,,,,,,EUR
ds-40,ds-40,Dedicated Server,AMD Turin 32 Cores,Add-on,Control Panel,Plesk Obsidian Web Admin Edition,12,0,,,,,,EUR
ds-40,ds-40,Dedicated Server,AMD Turin 32 Cores,Add-on,Control Panel,Plesk Obsidian Web Host Edition,41.5,0,,,,,,EUR
ds-40,ds-40,Dedicated Server,AMD Turin 32 Cores,Add-on,Control Panel,Plesk Obsidian Web Pro Edition,19,0,,,,,,EUR
ds-40,ds-40,Dedicated Server,AMD Turin 32 Cores,Add-on,Control Panel,Webmin,0,0,,,,,,EUR
ds-40,ds-40,Dedicated Server,AMD Turin 32 Cores,Add-on,Control Panel,Webmin + LAMP,0,0,,,,,,EUR
ds-40,ds-40,Dedicated Server,AMD Turin 32 Cores,Add-on,GPU,GeForce GT 1030 2GB,19.59,16.49,,,,,,EUR
ds-40,ds-40,Dedicated Server,AMD Turin 32 Cores,Add-on,GPU,Nvidia Tesla A2 16 GB,219.99,57.49,,,,,,EUR
ds-40,ds-40,Dedicated Server,AMD Turin 32 Cores,Add-on,Management,Fast-track Setup,0,34.49,,,,,,EUR
ds-40,ds-40,Dedicated Server,AMD Turin 32 Cores,Add-on,Management,Free IPMI (iLO) Access,0,0,,,,,,EUR
ds-40,ds-40,Dedicated Server,AMD Turin 32 Cores,Add-on,Management,Standard Setup,0,0,,,,,,EUR
ds-40,ds-40,Dedicated Server,AMD Turin 32 Cores,Add-on,Networking,/64 Network,0,0,,,,,,EUR
ds-40,ds-40,Dedicated Server,AMD Turin 32 Cores,Add-on,Networking,1 Gbit/s,0,0,,,,,,EUR
ds-40,ds-40,Dedicated Server,AMD Turin 32 Cores,Add-on,Networking,10 Gbit/s port,109.99,109.99,,,,,,EUR
ds-40,ds-40,Dedicated Server,AMD Turin 32 Cores,Add-on,Networking,10 TB Out + Unlimited In,0,0,,,,,,EUR
ds-40,ds-40,Dedicated Server,AMD Turin 32 Cores,Add-on,Networking,160 TB Out + Unlimited In,172.49,0,,,,,,EUR
ds-40,ds-40,Dedicated Server,AMD Turin 32 Cores,Add-on,Networking,243 TB Out + Unlimited In,258.79,0,,,,,,EUR
ds-40,ds-40,Dedicated Server,AMD Turin 32 Cores,Add-on,Networking,32 TB Out + Unlimited In,0,0,,,,,,EUR
ds-40,ds-40,Dedicated Server,AMD Turin 32 Cores,Add-on,Networking,320 TB Out + Unlimited In,344.99,0,,,,,,EUR
ds-40,ds-40,Dedicated Server,AMD Turin 32 Cores,Add-on,Networking,80 TB Out + Unlimited In,86.29,0,,,,,,EUR
ds-40,ds-40,Dedicated Server,AMD Turin 32 Cores,Add-on,Networking,Additional IP adress,3.5,0,,,,,,EUR
ds-40,ds-40,Dedicated Server,AMD Turin 32 Cores,Add-on,Networking,Unlimited Traffic,0,0,,,,,,EUR
ds-40,ds-40,Dedicated Server,AMD Turin 32 Cores,Add-on,RAM,1 IP Address,0,0,,,,,,EUR
ds-40,ds-40,Dedicated Server,AMD Turin 32 Cores,Add-on,RAM,128 GB REG ECC RAM,0,0,,,,,,EUR
ds-40,ds-40,Dedicated Server,AMD Turin 32 Cores,Add-on,RAM,256 GB DDR5 ECC RAM,69,0,,,,,,EUR
ds-40,ds-40,Dedicated Server,AMD Turin 32 Cores,Add-on,RAM,512 GB DDR5 ECC RAM,189,0,,,,,,EUR
ds-40,ds-40,Dedicated Server,AMD Turin 32 Cores,Add-on,RAM,768 GB DDR5 ECC RAM,299,0,,,,,,EUR
ds-40,ds-40,Dedicated Server,AMD Turin 32 Cores,Add-on,Software,Docker,0,0,,,,,,EUR
ds-40,ds-40,Dedicated Server,AMD Turin 32 Cores,Add-on,Software,LAMP,0,0,,,,,,EUR
ds-40,ds-40,Dedicated Server,AMD Turin 32 Cores,Add-on,Software,Proxmox VE 8.0,0,0,,,,,,EUR
ds-40,ds-40,Dedicated Server,AMD Turin 32 Cores,Add-on,Storage,1 TB NVMe,10,0,,,,,,EUR
ds-40,ds-40,Dedicated Server,AMD Turin 32 Cores,Add-on,Storage,2 TB NVMe,19,0,,,,,,EUR
ds-40,ds-40,Dedicated Server,AMD Turin 32 Cores,Add-on,Storage,4 TB NVMe,49,0,,,,,,EUR
ds-40,ds-40,Dedicated Server,AMD Turin 32 Cores,Add-on,Storage,Software RAID,0,0,,,,,,EUR
ds-40,ds-40,Dedicated Server,AMD Turin 32 Cores,Image,OS,AlmaLinux 10,0,0,,,,,,EUR
ds-40,ds-40,Dedicated Server,AMD Turin 32 Cores,Image,OS,AlmaLinux 9,0,0,,,,,,EUR
ds-40,ds-40,Dedicated Server,AMD Turin 32 Cores,Image,OS,Arch Linux,0,0,,,,,,EUR
ds-40,ds-40,Dedicated Server,AMD Turin 32 Cores,Image,OS,Debian 12,0,0,,,,,,EUR
ds-40,ds-40,Dedicated Server,AMD Turin 32 Cores,Image,OS,Debian 13,0,0,,,,,,EUR
ds-40,ds-40,Dedicated Server,AMD Turin 32 Cores,Image,OS,Rocky Linux 10,0,0,,,,,,EUR
ds-40,ds-40,Dedicated Server,AMD Turin 32 Cores,Image,OS,Rocky Linux 8,0,0,,,,,,EUR
ds-40,ds-40,Dedicated Server,AMD Turin 32 Cores,Image,OS,Rocky Linux 9,0,0,,,,,,EUR
ds-40,ds-40,Dedicated Server,AMD Turin 32 Cores,Image,OS,Ubuntu 19.10 (64 Bit),0,0,,,,,,EUR
ds-40,ds-40,Dedicated Server,AMD Turin 32 Cores,Image,OS,Ubuntu 22.04,0,0,,,,,,EUR
ds-40,ds-40,Dedicated Server,AMD Turin 32 Cores,Image,OS,Ubuntu 24.04,0,0,,,,,true,EUR
ds-40,ds-40,Dedicated Server,AMD Turin 32 Cores,Image,OS,Ubuntu 26.04,0,0,,,,,,EUR
ds-40,ds-40,Dedicated Server,AMD Turin 32 Cores,Image,OS,Windows Server 2016 Standard,72,72,,,,,,EUR
ds-40,ds-40,Dedicated Server,AMD Turin 32 Cores,Image,OS,Windows Server 2019 Standard,72,72,,,,,,EUR
ds-40,ds-40,Dedicated Server,AMD Turin 32 Cores,Image,OS,Windows Server 2022 Standard,99,99,,,,,,EUR
ds-40,ds-40,Dedicated Server,AMD Turin 32 Cores,Region,America,United States (Central),14.7,0,America,United States (Central),US,Central,,EUR
ds-40,ds-40,Dedicated Server,AMD Turin 32 Cores,Region,Europe,European Union,0,0,Europe,European Union,EU,,true,EUR
amd-ryzen-12-cores,amd-ryzen-12-cores,Dedicated Server,AMD Ryzen 12 Cores,Add-on,Control Panel,Plesk Obsidian Web Admin Edition,12,0,,,,,,EUR
amd-ryzen-12-cores,amd-ryzen-12-cores,Dedicated Server,AMD Ryzen 12 Cores,Add-on,Control Panel,Plesk Obsidian Web Host Edition,41.5,0,,,,,,EUR
amd-ryzen-12-cores,amd-ryzen-12-cores,Dedicated Server,AMD Ryzen 12 Cores,Add-on,Control Panel,Plesk Obsidian Web Pro Edition,19,0,,,,,,EUR
amd-ryzen-12-cores,amd-ryzen-12-cores,Dedicated Server,AMD Ryzen 12 Cores,Add-on,Control Panel,Webmin,0,0,,,,,,EUR
amd-ryzen-12-cores,amd-ryzen-12-cores,Dedicated Server,AMD Ryzen 12 Cores,Add-on,Control Panel,Webmin + LAMP,0,0,,,,,,EUR
amd-ryzen-12-cores,amd-ryzen-12-cores,Dedicated Server,AMD Ryzen 12 Cores,Add-on,GPU,Nvidia Tesla A2 16 GB,219.99,57.49,,,,,,EUR
amd-ryzen-12-cores,amd-ryzen-12-cores,Dedicated Server,AMD Ryzen 12 Cores,Add-on,Management,Fast-track Setup,0,34.49,,,,,,EUR
amd-ryzen-12-cores,amd-ryzen-12-cores,Dedicated Server,AMD Ryzen 12 Cores,Add-on,Management,Free IPMI (iLO) Access,0,0,,,,,,EUR
amd-ryzen-12-cores,amd-ryzen-12-cores,Dedicated Server,AMD Ryzen 12 Cores,Add-on,Management,Standard Setup,0,0,,,,,,EUR
amd-ryzen-12-cores,amd-ryzen-12-cores,Dedicated Server,AMD Ryzen 12 Cores,Add-on,Networking,/64 Network,0,0,,,,,,EUR
amd-ryzen-12-cores,amd-ryzen-12-cores,Dedicated Server,AMD Ryzen 12 Cores,Add-on,Networking,1 Gbit/s,0,0,,,,,,EUR
amd-ryzen-12-cores,amd-ryzen-12-cores,Dedicated Server,AMD Ryzen 12 Cores,Add-on,Networking,10 TB Out + Unlimited In,0,0,,,,,,EUR
amd-ryzen-12-cores,amd-ryzen-12-cores,Dedicated Server,AMD Ryzen 12 Cores,Add-on,Networking,160 TB Out + Unlimited In,172.49,0,,,,,,EUR
amd-ryzen-12-cores,amd-ryzen-12-cores,Dedicated Server,AMD Ryzen 12 Cores,Add-on,Networking,243 TB Out + Unlimited In,258.79,0,,,,,,EUR
amd-ryzen-12-cores,amd-ryzen-12-cores,Dedicated Server,AMD Ryzen 12 Cores,Add-on,Networking,32 TB Out + Unlimited In,0,0,,,,,,EUR
amd-ryzen-12-cores,amd-ryzen-12-cores,Dedicated Server,AMD Ryzen 12 Cores,Add-on,Networking,320 TB Out + Unlimited In,344.99,0,,,,,,EUR
amd-ryzen-12-cores,amd-ryzen-12-cores,Dedicated Server,AMD Ryzen 12 Cores,Add-on,Networking,80 TB Out + Unlimited In,86.29,0,,,,,,EUR
amd-ryzen-12-cores,amd-ryzen-12-cores,Dedicated Server,AMD Ryzen 12 Cores,Add-on,Networking,Additional IP adress,3.5,0,,,,,,EUR
amd-ryzen-12-cores,amd-ryzen-12-cores,Dedicated Server,AMD Ryzen 12 Cores,Add-on,Networking,Unlimited Traffic,0,0,,,,,,EUR
amd-ryzen-12-cores,amd-ryzen-12-cores,Dedicated Server,AMD Ryzen 12 Cores,Add-on,RAM,1 IP Address,0,0,,,,,,EUR
amd-ryzen-12-cores,amd-ryzen-12-cores,Dedicated Server,AMD Ryzen 12 Cores,Add-on,RAM,128 GB DDR ODECC RAM,45,0,,,,,,EUR
amd-ryzen-12-cores,amd-ryzen-12-cores,Dedicated Server,AMD Ryzen 12 Cores,Add-on,RAM,64 GB DDR ODECC RAM,0,0,,,,,,EUR
amd-ryzen-12-cores,amd-ryzen-12-cores,Dedicated Server,AMD Ryzen 12 Cores,Add-on,Software,Docker,0,0,,,,,,EUR
amd-ryzen-12-cores,amd-ryzen-12-cores,Dedicated Server,AMD Ryzen 12 Cores,Add-on,Software,LAMP,0,0,,,,,,EUR
amd-ryzen-12-cores,amd-ryzen-12-cores,Dedicated Server,AMD Ryzen 12 Cores,Add-on,Software,Proxmox VE 8.0,0,0,,,,,,EUR
amd-ryzen-12-cores,amd-ryzen-12-cores,Dedicated Server,AMD Ryzen 12 Cores,Add-on,Storage,1 TB NVMe,10,0,,,,,,EUR
amd-ryzen-12-cores,amd-ryzen-12-cores,Dedicated Server,AMD Ryzen 12 Cores,Add-on,Storage,1 TB SSD,10,0,,,,,,EUR
amd-ryzen-12-cores,amd-ryzen-12-cores,Dedicated Server,AMD Ryzen 12 Cores,Add-on,Storage,16 TB HDD,21.9,0,,,,,,EUR
amd-ryzen-12-cores,amd-ryzen-12-cores,Dedicated Server,AMD Ryzen 12 Cores,Add-on,Storage,2 TB NVMe,19,0,,,,,,EUR
amd-ryzen-12-cores,amd-ryzen-12-cores,Dedicated Server,AMD Ryzen 12 Cores,Add-on,Storage,2 TB SSD,17.9,0,,,,,,EUR
amd-ryzen-12-cores,amd-ryzen-12-cores,Dedicated Server,AMD Ryzen 12 Cores,Add-on,Storage,4 TB SSD,32.9,0,,,,,,EUR
amd-ryzen-12-cores,amd-ryzen-12-cores,Dedicated Server,AMD Ryzen 12 Cores,Add-on,Storage,Software RAID,0,0,,,,,,EUR
amd-ryzen-12-cores,amd-ryzen-12-cores,Dedicated Server,AMD Ryzen 12 Cores,Image,OS,AlmaLinux 10,0,0,,,,,,EUR
amd-ryzen-12-cores,amd-ryzen-12-cores,Dedicated Server,AMD Ryzen 12 Cores,Image,OS,AlmaLinux 9,0,0,,,,,,EUR
amd-ryzen-12-cores,amd-ryzen-12-cores,Dedicated Server,AMD Ryzen 12 Cores,Image,OS,Arch Linux,0,0,,,,,,EUR
amd-ryzen-12-cores,amd-ryzen-12-cores,Dedicated Server,AMD Ryzen 12 Cores,Image,OS,Debian 12,0,0,,,,,,EUR
amd-ryzen-12-cores,amd-ryzen-12-cores,Dedicated Server,AMD Ryzen 12 Cores,Image,OS,Debian 13,0,0,,,,,,EUR
amd-ryzen-12-cores,amd-ryzen-12-cores,Dedicated Server,AMD Ryzen 12 Cores,Image,OS,Rocky Linux 10,0,0,,,,,,EUR
amd-ryzen-12-cores,amd-ryzen-12-cores,Dedicated Server,AMD Ryzen 12 Cores,Image,OS,Rocky Linux 8,0,0,,,,,,EUR
amd-ryzen-12-cores,amd-ryzen-12-cores,Dedicated Server,AMD Ryzen 12 Cores,Image,OS,Rocky Linux 9,0,0,,,,,,EUR
amd-ryzen-12-cores,amd-ryzen-12-cores,Dedicated Server,AMD Ryzen 12 Cores,Image,OS,Ubuntu 19.10 (64 Bit),0,0,,,,,,EUR
amd-ryzen-12-cores,amd-ryzen-12-cores,Dedicated Server,AMD Ryzen 12 Cores,Image,OS,Ubuntu 22.04,0,0,,,,,,EUR
amd-ryzen-12-cores,amd-ryzen-12-cores,Dedicated Server,AMD Ryzen 12 Cores,Image,OS,Ubuntu 24.04,0,0,,,,,true,EUR
amd-ryzen-12-cores,amd-ryzen-12-cores,Dedicated Server,AMD Ryzen 12 Cores,Image,OS,Ubuntu 26.04,0,0,,,,,,EUR
amd-ryzen-12-cores,amd-ryzen-12-cores,Dedicated Server,AMD Ryzen 12 Cores,Image,OS,Windows Server 2016 Standard,50,50,,,,,,EUR
amd-ryzen-12-cores,amd-ryzen-12-cores,Dedicated Server,AMD Ryzen 12 Cores,Image,OS,Windows Server 2019 Standard,50,50,,,,,,EUR
amd-ryzen-12-cores,amd-ryzen-12-cores,Dedicated Server,AMD Ryzen 12 Cores,Image,OS,Windows Server 2022 Standard,50,50,,,,,,EUR
amd-ryzen-12-cores,amd-ryzen-12-cores,Dedicated Server,AMD Ryzen 12 Cores,Region,America,United States (Central),8.1,0,America,United States (Central),US,Central,,EUR
amd-ryzen-12-cores,amd-ryzen-12-cores,Dedicated Server,AMD Ryzen 12 Cores,Region,America,United States (East),11.25,0,America,United States (East),US,East,,EUR
amd-ryzen-12-cores,amd-ryzen-12-cores,Dedicated Server,AMD Ryzen 12 Cores,Region,America,United States (West),9.6,0,America,United States (West),US,West,,EUR
amd-ryzen-12-cores,amd-ryzen-12-cores,Dedicated Server,AMD Ryzen 12 Cores,Region,Asia,India,34.2,0,Asia,India,IN,,,EUR
amd-ryzen-12-cores,amd-ryzen-12-cores,Dedicated Server,AMD Ryzen 12 Cores,Region,Asia,Japan,34,0,Asia,Japan,JP,,,EUR
amd-ryzen-12-cores,amd-ryzen-12-cores,Dedicated Server,AMD Ryzen 12 Cores,Region,Asia,Singapore,36,0,Asia,Singapore,SG,,,EUR
amd-ryzen-12-cores,amd-ryzen-12-cores,Dedicated Server,AMD Ryzen 12 Cores,Region,Australia,Australia,20.55,0,Australia,Australia,AU,,,EUR
amd-ryzen-12-cores,amd-ryzen-12-cores,Dedicated Server,AMD Ryzen 12 Cores,Region,Europe,European Union,0,0,Europe,European Union,EU,,true,EUR
amd-ryzen-12-cores,amd-ryzen-12-cores,Dedicated Server,AMD Ryzen 12 Cores,Region,Europe,United Kingdom,8.1,0,Europe,United Kingdom,UK,,,EUR
ds-50,ds-50,Dedicated Server,AMD Turin 64 Cores,Add-on,Control Panel,Plesk Obsidian Web Admin Edition,12,0,,,,,,EUR
ds-50,ds-50,Dedicated Server,AMD Turin 64 Cores,Add-on,Control Panel,Plesk Obsidian Web Host Edition,41.5,0,,,,,,EUR
ds-50,ds-50,Dedicated Server,AMD Turin 64 Cores,Add-on,Control Panel,Plesk Obsidian Web Pro Edition,19,0,,,,,,EUR
ds-50,ds-50,Dedicated Server,AMD Turin 64 Cores,Add-on,Control Panel,Webmin,0,0,,,,,,EUR
ds-50,ds-50,Dedicated Server,AMD Turin 64 Cores,Add-on,Control Panel,Webmin + LAMP,0,0,,,,,,EUR
ds-50,ds-50,Dedicated Server,AMD Turin 64 Cores,Add-on,GPU,GeForce GT 1030 2GB,19.59,16.49,,,,,,EUR
ds-50,ds-50,Dedicated Server,AMD Turin 64 Cores,Add-on,GPU,Nvidia Tesla A2 16 GB,219.99,57.49,,,,,,EUR
ds-50,ds-50,Dedicated Server,AMD Turin 64 Cores,Add-on,Management,Fast-track Setup,0,34.49,,,,,,EUR
ds-50,ds-50,Dedicated Server,AMD Turin 64 Cores,Add-on,Management,Free IPMI (iLO) Access,0,0,,,,,,EUR
ds-50,ds-50,Dedicated Server,AMD Turin 64 Cores,Add-on,Management,Standard Setup,0,0,,,,,,EUR
ds-50,ds-50,Dedicated Server,AMD Turin 64 Cores,Add-on,Networking,/64 Network,0,0,,,,,,EUR
ds-50,ds-50,Dedicated Server,AMD Turin 64 Cores,Add-on,Networking,1 Gbit/s,0,0,,,,,,EUR
ds-50,ds-50,Dedicated Server,AMD Turin 64 Cores,Add-on,Networking,10 Gbit/s port,109.99,109.99,,,,,,EUR
ds-50,ds-50,Dedicated Server,AMD Turin 64 Cores,Add-on,Networking,10 TB Out + Unlimited In,0,0,,,,,,EUR
ds-50,ds-50,Dedicated Server,AMD Turin 64 Cores,Add-on,Networking,160 TB Out + Unlimited In,172.49,0,,,,,,EUR
ds-50,ds-50,Dedicated Server,AMD Turin 64 Cores,Add-on,Networking,243 TB Out + Unlimited In,258.79,0,,,,,,EUR
ds-50,ds-50,Dedicated Server,AMD Turin 64 Cores,Add-on,Networking,32 TB Out + Unlimited In,0,0,,,,,,EUR
ds-50,ds-50,Dedicated Server,AMD Turin 64 Cores,Add-on,Networking,320 TB Out + Unlimited In,344.99,0,,,,,,EUR
ds-50,ds-50,Dedicated Server,AMD Turin 64 Cores,Add-on,Networking,80 TB Out + Unlimited In,86.29,0,,,,,,EUR
ds-50,ds-50,Dedicated Server,AMD Turin 64 Cores,Add-on,Networking,Additional IP adress,3.5,0,,,,,,EUR
ds-50,ds-50,Dedicated Server,AMD Turin 64 Cores,Add-on,Networking,Unlimited Traffic,0,0,,,,,,EUR
ds-50,ds-50,Dedicated Server,AMD Turin 64 Cores,Add-on,RAM,1 IP Address,0,0,,,,,,EUR
ds-50,ds-50,Dedicated Server,AMD Turin 64 Cores,Add-on,RAM,1152 GB DDR5 ECC RAM,549,0,,,,,,EUR
ds-50,ds-50,Dedicated Server,AMD Turin 64 Cores,Add-on,RAM,192 GB REG ECC RAM,0,0,,,,,,EUR
ds-50,ds-50,Dedicated Server,AMD Turin 64 Cores,Add-on,RAM,384 GB DDR5 ECC RAM,119,0,,,,,,EUR
ds-50,ds-50,Dedicated Server,AMD Turin 64 Cores,Add-on,RAM,576 GB DDR5 ECC RAM,229,0,,,,,,EUR
ds-50,ds-50,Dedicated Server,AMD Turin 64 Cores,Add-on,RAM,768 GB DDR5 ECC RAM,329,0,,,,,,EUR
ds-50,ds-50,Dedicated Server,AMD Turin 64 Cores,Add-on,RAM,960 GB DDR5 ECC RAM,439,0,,,,,,EUR
ds-50,ds-50,Dedicated Server,AMD Turin 64 Cores,Add-on,Software,Docker,0,0,,,,,,EUR
ds-50,ds-50,Dedicated Server,AMD Turin 64 Cores,Add-on,Software,LAMP,0,0,,,,,,EUR
ds-50,ds-50,Dedicated Server,AMD Turin 64 Cores,Add-on,Software,Proxmox VE 8.0,0,0,,,,,,EUR
ds-50,ds-50,Dedicated Server,AMD Turin 64 Cores,Add-on,Storage,1 TB NVMe,10,0,,,,,,EUR
ds-50,ds-50,Dedicated Server,AMD Turin 64 Cores,Add-on,Storage,2 TB NVMe,19,0,,,,,,EUR
ds-50,ds-50,Dedicated Server,AMD Turin 64 Cores,Add-on,Storage,4 TB NVMe,49,0,,,,,,EUR
ds-50,ds-50,Dedicated Server,AMD Turin 64 Cores,Add-on,Storage,Software RAID,0,0,,,,,,EUR
ds-50,ds-50,Dedicated Server,AMD Turin 64 Cores,Image,OS,AlmaLinux 10,0,0,,,,,,EUR
ds-50,ds-50,Dedicated Server,AMD Turin 64 Cores,Image,OS,AlmaLinux 9,0,0,,,,,,EUR
ds-50,ds-50,Dedicated Server,AMD Turin 64 Cores,Image,OS,Arch Linux,0,0,,,,,,EUR
ds-50,ds-50,Dedicated Server,AMD Turin 64 Cores,Image,OS,Debian 12,0,0,,,,,,EUR
ds-50,ds-50,Dedicated Server,AMD Turin 64 Cores,Image,OS,Debian 13,0,0,,,,,,EUR
ds-50,ds-50,Dedicated Server,AMD Turin 64 Cores,Image,OS,Rocky Linux 10,0,0,,,,,,EUR
ds-50,ds-50,Dedicated Server,AMD Turin 64 Cores,Image,OS,Rocky Linux 8,0,0,,,,,,EUR
ds-50,ds-50,Dedicated Server,AMD Turin 64 Cores,Image,OS,Rocky Linux 9,0,0,,,,,,EUR
ds-50,ds-50,Dedicated Server,AMD Turin 64 Cores,Image,OS,Ubuntu 19.10 (64 Bit),0,0,,,,,,EUR
ds-50,ds-50,Dedicated Server,AMD Turin 64 Cores,Image,OS,Ubuntu 22.04,0,0,,,,,,EUR
ds-50,ds-50,Dedicated Server,AMD Turin 64 Cores,Image,OS,Ubuntu 24.04,0,0,,,,,true,EUR
ds-50,ds-50,Dedicated Server,AMD Turin 64 Cores,Image,OS,Ubuntu 26.04,0,0,,,,,,EUR
ds-50,ds-50,Dedicated Server,AMD Turin 64 Cores,Image,OS,Windows Server 2016 Standard,72,72,,,,,,EUR
ds-50,ds-50,Dedicated Server,AMD Turin 64 Cores,Image,OS,Windows Server 2019 Standard,72,72,,,,,,EUR
ds-50,ds-50,Dedicated Server,AMD Turin 64 Cores,Image,OS,Windows Server 2022 Standard,199,199,,,,,,EUR
ds-50,ds-50,Dedicated Server,AMD Turin 64 Cores,Region,America,United States (Central),26.5,0,America,United States (Central),US,Central,,EUR
ds-50,ds-50,Dedicated Server,AMD Turin 64 Cores,Region,Europe,European Union,0,0,Europe,European Union,EU,,true,EUR
amd-genoa-24-cores,amd-genoa-24-cores,Dedicated Server,AMD Genoa 24 Cores,Add-on,Control Panel,Plesk Obsidian Web Admin Edition,12,0,,,,,,EUR
amd-genoa-24-cores,amd-genoa-24-cores,Dedicated Server,AMD Genoa 24 Cores,Add-on,Control Panel,Plesk Obsidian Web Host Edition,41.5,0,,,,,,EUR
amd-genoa-24-cores,amd-genoa-24-cores,Dedicated Server,AMD Genoa 24 Cores,Add-on,Control Panel,Plesk Obsidian Web Pro Edition,19,0,,,,,,EUR
amd-genoa-24-cores,amd-genoa-24-cores,Dedicated Server,AMD Genoa 24 Cores,Add-on,Control Panel,Webmin,0,0,,,,,,EUR
amd-genoa-24-cores,amd-genoa-24-cores,Dedicated Server,AMD Genoa 24 Cores,Add-on,Control Panel,Webmin + LAMP,0,0,,,,,,EUR
amd-genoa-24-cores,amd-genoa-24-cores,Dedicated Server,AMD Genoa 24 Cores,Add-on,GPU,GeForce GT 1030 2GB,19.59,16.49,,,,,,EUR
amd-genoa-24-cores,amd-genoa-24-cores,Dedicated Server,AMD Genoa 24 Cores,Add-on,GPU,Nvidia Tesla A2 16 GB,219.99,57.49,,,,,,EUR
amd-genoa-24-cores,amd-genoa-24-cores,Dedicated Server,AMD Genoa 24 Cores,Add-on,Management,Fast-track Setup,0,34.49,,,,,,EUR
amd-genoa-24-cores,amd-genoa-24-cores,Dedicated Server,AMD Genoa 24 Cores,Add-on,Management,Free IPMI (iLO) Access,0,0,,,,,,EUR
amd-genoa-24-cores,amd-genoa-24-cores,Dedicated Server,AMD Genoa 24 Cores,Add-on,Management,Standard Setup,0,0,,,,,,EUR
amd-genoa-24-cores,amd-genoa-24-cores,Dedicated Server,AMD Genoa 24 Cores,Add-on,Networking,/64 Network,0,0,,,,,,EUR
amd-genoa-24-cores,amd-genoa-24-cores,Dedicated Server,AMD Genoa 24 Cores,Add-on,Networking,1 Gbit/s,0,0,,,,,,EUR
amd-genoa-24-cores,amd-genoa-24-cores,Dedicated Server,AMD Genoa 24 Cores,Add-on,Networking,10 TB Out + Unlimited In,0,0,,,,,,EUR
amd-genoa-24-cores,amd-genoa-24-cores,Dedicated Server,AMD Genoa 24 Cores,Add-on,Networking,160 TB Out + Unlimited In,172.49,0,,,,,,EUR
amd-genoa-24-cores,amd-genoa-24-cores,Dedicated Server,AMD Genoa 24 Cores,Add-on,Networking,243 TB Out + Unlimited In,258.79,0,,,,,,EUR
amd-genoa-24-cores,amd-genoa-24-cores,Dedicated Server,AMD Genoa 24 Cores,Add-on,Networking,32 TB Out + Unlimited In,0,0,,,,,,EUR
amd-genoa-24-cores,amd-genoa-24-cores,Dedicated Server,AMD Genoa 24 Cores,Add-on,Networking,320 TB Out + Unlimited In,344.99,0,,,,,,EUR
amd-genoa-24-cores,amd-genoa-24-cores,Dedicated Server,AMD Genoa 24 Cores,Add-on,Networking,80 TB Out + Unlimited In,86.29,0,,,,,,EUR
amd-genoa-24-cores,amd-genoa-24-cores,Dedicated Server,AMD Genoa 24 Cores,Add-on,Networking,Additional IP adress,3.5,0,,,,,,EUR
amd-genoa-24-cores,amd-genoa-24-cores,Dedicated Server,AMD Genoa 24 Cores,Add-on,Networking,Unlimited Traffic,0,0,,,,,,EUR
amd-genoa-24-cores,amd-genoa-24-cores,Dedicated Server,AMD Genoa 24 Cores,Add-on,RAM,1 IP Address,0,0,,,,,,EUR
amd-genoa-24-cores,amd-genoa-24-cores,Dedicated Server,AMD Genoa 24 Cores,Add-on,RAM,128 GB REG ECC RAM,0,0,,,,,,EUR
amd-genoa-24-cores,amd-genoa-24-cores,Dedicated Server,AMD Genoa 24 Cores,Add-on,RAM,256 GB DDR5 ECC RAM,69,0,,,,,,EUR
amd-genoa-24-cores,amd-genoa-24-cores,Dedicated Server,AMD Genoa 24 Cores,Add-on,RAM,512 GB DDR5 ECC RAM,189,0,,,,,,EUR
amd-genoa-24-cores,amd-genoa-24-cores,Dedicated Server,AMD Genoa 24 Cores,Add-on,RAM,768 GB DDR5 ECC RAM,299,0,,,,,,EUR
amd-genoa-24-cores,amd-genoa-24-cores,Dedicated Server,AMD Genoa 24 Cores,Add-on,Software,Docker,0,0,,,,,,EUR
amd-genoa-24-cores,amd-genoa-24-cores,Dedicated Server,AMD Genoa 24 Cores,Add-on,Software,LAMP,0,0,,,,,,EUR
amd-genoa-24-cores,amd-genoa-24-cores,Dedicated Server,AMD Genoa 24 Cores,Add-on,Software,Proxmox VE 8.0,0,0,,,,,,EUR
amd-genoa-24-cores,amd-genoa-24-cores,Dedicated Server,AMD Genoa 24 Cores,Add-on,Storage,1 TB SSD,0,0,,,,,,EUR
amd-genoa-24-cores,amd-genoa-24-cores,Dedicated Server,AMD Genoa 24 Cores,Add-on,Storage,2 TB SSD,17.9,0,,,,,,EUR
amd-genoa-24-cores,amd-genoa-24-cores,Dedicated Server,AMD Genoa 24 Cores,Add-on,Storage,4 TB SSD,32.9,0,,,,,,EUR
amd-genoa-24-cores,amd-genoa-24-cores,Dedicated Server,AMD Genoa 24 Cores,Add-on,Storage,Hardware RAID,0,0,,,,,,EUR
amd-genoa-24-cores,amd-genoa-24-cores,Dedicated Server,AMD Genoa 24 Cores,Image,OS,AlmaLinux 10,0,0,,,,,,EUR
amd-genoa-24-cores,amd-genoa-24-cores,Dedicated Server,AMD Genoa 24 Cores,Image,OS,AlmaLinux 9,0,0,,,,,,EUR
amd-genoa-24-cores,amd-genoa-24-cores,Dedicated Server,AMD Genoa 24 Cores,Image,OS,Arch Linux,0,0,,,,,,EUR
amd-genoa-24-cores,amd-genoa-24-cores,Dedicated Server,AMD Genoa 24 Cores,Image,OS,Debian 12,0,0,,,,,,EUR
amd-genoa-24-cores,amd-genoa-24-cores,Dedicated Server,AMD Genoa 24 Cores,Image,OS,Debian 13,0,0,,,,,,EUR
amd-genoa-24-cores,amd-genoa-24-cores,Dedicated Server,AMD Genoa 24 Cores,Image,OS,Rocky Linux 10,0,0,,,,,,EUR
amd-genoa-24-cores,amd-genoa-24-cores,Dedicated Server,AMD Genoa 24 Cores,Image,OS,Rocky Linux 8,0,0,,,,,,EUR
amd-genoa-24-cores,amd-genoa-24-cores,Dedicated Server,AMD Genoa 24 Cores,Image,OS,Rocky Linux 9,0,0,,,,,,EUR
amd-genoa-24-cores,amd-genoa-24-cores,Dedicated Server,AMD Genoa 24 Cores,Image,OS,Ubuntu 19.10 (64 Bit),0,0,,,,,,EUR
amd-genoa-24-cores,amd-genoa-24-cores,Dedicated Server,AMD Genoa 24 Cores,Image,OS,Ubuntu 22.04,0,0,,,,,,EUR
amd-genoa-24-cores,amd-genoa-24-cores,Dedicated Server,AMD Genoa 24 Cores,Image,OS,Ubuntu 24.04,0,0,,,,,true,EUR
amd-genoa-24-cores,amd-genoa-24-cores,Dedicated Server,AMD Genoa 24 Cores,Image,OS,Ubuntu 26.04,0,0,,,,,,EUR
amd-genoa-24-cores,amd-genoa-24-cores,Dedicated Server,AMD Genoa 24 Cores,Image,OS,Windows Server 2016 Standard,72,72,,,,,,EUR
amd-genoa-24-cores,amd-genoa-24-cores,Dedicated Server,AMD Genoa 24 Cores,Image,OS,Windows Server 2019 Standard,72,72,,,,,,EUR
amd-genoa-24-cores,amd-genoa-24-cores,Dedicated Server,AMD Genoa 24 Cores,Image,OS,Windows Server 2022 Standard,72,72,,,,,,EUR
amd-genoa-24-cores,amd-genoa-24-cores,Dedicated Server,AMD Genoa 24 Cores,Region,America,United States (Central),26.5,0,America,United States (Central),US,Central,,EUR
amd-genoa-24-cores,amd-genoa-24-cores,Dedicated Server,AMD Genoa 24 Cores,Region,Europe,European Union,0,0,Europe,European Union,EU,,true,EUR
ds-3,ds-3,Dedicated Server,AMD Ryzen 12 Cores,Add-on,Control Panel,Plesk Obsidian Web Admin Edition,12,0,,,,,,EUR
ds-3,ds-3,Dedicated Server,AMD Ryzen 12 Cores,Add-on,Control Panel,Plesk Obsidian Web Host Edition,41.5,0,,,,,,EUR
ds-3,ds-3,Dedicated Server,AMD Ryzen 12 Cores,Add-on,Control Panel,Plesk Obsidian Web Pro Edition,19,0,,,,,,EUR
ds-3,ds-3,Dedicated Server,AMD Ryzen 12 Cores,Add-on,Control Panel,Webmin,0,0,,,,,,EUR
ds-3,ds-3,Dedicated Server,AMD Ryzen 12 Cores,Add-on,Control Panel,Webmin + LAMP,0,0,,,,,,EUR
ds-3,ds-3,Dedicated Server,AMD Ryzen 12 Cores,Add-on,GPU,Nvidia Tesla A2 16 GB,219.99,57.49,,,,,,EUR
ds-3,ds-3,Dedicated Server,AMD Ryzen 12 Cores,Add-on,Management,Fast-track Setup,0,34.49,,,,,,EUR
ds-3,ds-3,Dedicated Server,AMD Ryzen 12 Cores,Add-on,Management,Free IPMI (iLO) Access,0,0,,,,,,EUR
ds-3,ds-3,Dedicated Server,AMD Ryzen 12 Cores,Add-on,Management,Standard Setup,0,0,,,,,,EUR
ds-3,ds-3,Dedicated Server,AMD Ryzen 12 Cores,Add-on,Networking,/64 Network,0,0,,,,,,EUR
ds-3,ds-3,Dedicated Server,AMD Ryzen 12 Cores,Add-on,Networking,1 Gbit/s,0,0,,,,,,EUR
ds-3,ds-3,Dedicated Server,AMD Ryzen 12 Cores,Add-on,Networking,10 TB Out + Unlimited In,0,0,,,,,,EUR
ds-3,ds-3,Dedicated Server,AMD Ryzen 12 Cores,Add-on,Networking,160 TB Out + Unlimited In,172.49,0,,,,,,EUR
ds-3,ds-3,Dedicated Server,AMD Ryzen 12 Cores,Add-on,Networking,243 TB Out + Unlimited In,258.79,0,,,,,,EUR
ds-3,ds-3,Dedicated Server,AMD Ryzen 12 Cores,Add-on,Networking,32 TB Out + Unlimited In,0,0,,,,,,EUR
ds-3,ds-3,Dedicated Server,AMD Ryzen 12 Cores,Add-on,Networking,320 TB Out + Unlimited In,344.99,0,,,,,,EUR
ds-3,ds-3,Dedicated Server,AMD Ryzen 12 Cores,Add-on,Networking,80 TB Out + Unlimited In,86.29,0,,,,,,EUR
ds-3,ds-3,Dedicated Server,AMD Ryzen 12 Cores,Add-on,Networking,Additional IP adress,3.5,0,,,,,,EUR
ds-3,ds-3,Dedicated Server,AMD Ryzen 12 Cores,Add-on,Networking,Unlimited Traffic,0,0,,,,,,EUR
ds-3,ds-3,Dedicated Server,AMD Ryzen 12 Cores,Add-on,RAM,1 IP Address,0,0,,,,,,EUR
ds-3,ds-3,Dedicated Server,AMD Ryzen 12 Cores,Add-on,Software,Docker,0,0,,,,,,EUR
ds-3,ds-3,Dedicated Server,AMD Ryzen 12 Cores,Add-on,Software,LAMP,0,0,,,,,,EUR
ds-3,ds-3,Dedicated Server,AMD Ryzen 12 Cores,Add-on,Software,Proxmox VE 8.0,0,0,,,,,,EUR
ds-3,ds-3,Dedicated Server,AMD Ryzen 12 Cores,Add-on,Storage,1 TB NVMe,0,0,,,,,,EUR
ds-3,ds-3,Dedicated Server,AMD Ryzen 12 Cores,Add-on,Storage,1 TB SSD,10,0,,,,,,EUR
ds-3,ds-3,Dedicated Server,AMD Ryzen 12 Cores,Add-on,Storage,16 TB HDD,21.9,0,,,,,,EUR
ds-3,ds-3,Dedicated Server,AMD Ryzen 12 Cores,Add-on,Storage,2 TB NVMe,19,0,,,,,,EUR
ds-3,ds-3,Dedicated Server,AMD Ryzen 12 Cores,Add-on,Storage,2 TB SSD,17.9,0,,,,,,EUR
ds-3,ds-3,Dedicated Server,AMD Ryzen 12 Cores,Add-on,Storage,4 TB SSD,32.9,0,,,,,,EUR
ds-3,ds-3,Dedicated Server,AMD Ryzen 12 Cores,Add-on,Storage,Software RAID,0,0,,,,,,EUR
ds-3,ds-3,Dedicated Server,AMD Ryzen 12 Cores,Image,OS,AlmaLinux 9,0,0,,,,,,EUR
ds-3,ds-3,Dedicated Server,AMD Ryzen 12 Cores,Image,OS,Arch Linux,0,0,,,,,,EUR
ds-3,ds-3,Dedicated Server,AMD Ryzen 12 Cores,Image,OS,Debian 12,0,0,,,,,,EUR
ds-3,ds-3,Dedicated Server,AMD Ryzen 12 Cores,Image,OS,Debian 13,0,0,,,,,,EUR
ds-3,ds-3,Dedicated Server,AMD Ryzen 12 Cores,Image,OS,Rocky Linux 8,0,0,,,,,,EUR
ds-3,ds-3,Dedicated Server,AMD Ryzen 12 Cores,Image,OS,Rocky Linux 9,0,0,,,,,,EUR
ds-3,ds-3,Dedicated Server,AMD Ryzen 12 Cores,Image,OS,Ubuntu 19.10 (64 Bit),0,0,,,,,,EUR
ds-3,ds-3,Dedicated Server,AMD Ryzen 12 Cores,Image,OS,Ubuntu 22.04,0,0,,,,,,EUR
ds-3,ds-3,Dedicated Server,AMD Ryzen 12 Cores,Image,OS,Windows Server 2016 Standard,50,50,,,,,,EUR
ds-3,ds-3,Dedicated Server,AMD Ryzen 12 Cores,Image,OS,Windows Server 2019 Standard,50,50,,,,,,EUR
ds-3,ds-3,Dedicated Server,AMD Ryzen 12 Cores,Image,OS,Windows Server 2022 Standard,50,50,,,,,,EUR
ds-3,ds-3,Dedicated Server,AMD Ryzen 12 Cores,Region,America,United States (Central),8.1,0,America,United States (Central),US,Central,,EUR
ds-3,ds-3,Dedicated Server,AMD Ryzen 12 Cores,Region,America,United States (East),11.25,0,America,United States (East),US,East,,EUR
ds-3,ds-3,Dedicated Server,AMD Ryzen 12 Cores,Region,America,United States (West),9.6,0,America,United States (West),US,West,,EUR
ds-3,ds-3,Dedicated Server,AMD Ryzen 12 Cores,Region,Asia,India,34.2,0,Asia,India,IN,,,EUR
ds-3,ds-3,Dedicated Server,AMD Ryzen 12 Cores,Region,Asia,Japan,34,0,Asia,Japan,JP,,,EUR
ds-3,ds-3,Dedicated Server,AMD Ryzen 12 Cores,Region,Asia,Singapore,36,0,Asia,Singapore,SG,,,EUR
ds-3,ds-3,Dedicated Server,AMD Ryzen 12 Cores,Region,Australia,Australia,20.55,0,Australia,Australia,AU,,,EUR
ds-3,ds-3,Dedicated Server,AMD Ryzen 12 Cores,Region,Europe,European Union,0,0,Europe,European Union,EU,,true,EUR
ds-3,ds-3,Dedicated Server,AMD Ryzen 12 Cores,Region,Europe,United Kingdom,8.1,0,Europe,United Kingdom,UK,,,EUR
ds-2,ds-2,Dedicated Server,AMD Ryzen 12 Cores,Add-on,Control Panel,Plesk Obsidian Web Admin Edition,12,0,,,,,,EUR
ds-2,ds-2,Dedicated Server,AMD Ryzen 12 Cores,Add-on,Control Panel,Plesk Obsidian Web Host Edition,41.5,0,,,,,,EUR
ds-2,ds-2,Dedicated Server,AMD Ryzen 12 Cores,Add-on,Control Panel,Plesk Obsidian Web Pro Edition,19,0,,,,,,EUR
ds-2,ds-2,Dedicated Server,AMD Ryzen 12 Cores,Add-on,Control Panel,Webmin,0,0,,,,,,EUR
ds-2,ds-2,Dedicated Server,AMD Ryzen 12 Cores,Add-on,Control Panel,Webmin + LAMP,0,0,,,,,,EUR
ds-2,ds-2,Dedicated Server,AMD Ryzen 12 Cores,Add-on,GPU,Nvidia Tesla A2 16 GB,219.99,57.49,,,,,,EUR
ds-2,ds-2,Dedicated Server,AMD Ryzen 12 Cores,Add-on,Management,Fast-track Setup,0,34.49,,,,,,EUR
ds-2,ds-2,Dedicated Server,AMD Ryzen 12 Cores,Add-on,Management,Free IPMI (iLO) Access,0,0,,,,,,EUR
ds-2,ds-2,Dedicated Server,AMD Ryzen 12 Cores,Add-on,Management,Standard Setup,0,0,,,,,,EUR
ds-2,ds-2,Dedicated Server,AMD Ryzen 12 Cores,Add-on,Networking,/64 Network,0,0,,,,,,EUR
ds-2,ds-2,Dedicated Server,AMD Ryzen 12 Cores,Add-on,Networking,1 Gbit/s,0,0,,,,,,EUR
ds-2,ds-2,Dedicated Server,AMD Ryzen 12 Cores,Add-on,Networking,10 TB Out + Unlimited In,0,0,,,,,,EUR
ds-2,ds-2,Dedicated Server,AMD Ryzen 12 Cores,Add-on,Networking,160 TB Out + Unlimited In,172.49,0,,,,,,EUR
ds-2,ds-2,Dedicated Server,AMD Ryzen 12 Cores,Add-on,Networking,243 TB Out + Unlimited In,258.79,0,,,,,,EUR
ds-2,ds-2,Dedicated Server,AMD Ryzen 12 Cores,Add-on,Networking,32 TB Out + Unlimited In,0,0,,,,,,EUR
ds-2,ds-2,Dedicated Server,AMD Ryzen 12 Cores,Add-on,Networking,320 TB Out + Unlimited In,344.99,0,,,,,,EUR
ds-2,ds-2,Dedicated Server,AMD Ryzen 12 Cores,Add-on,Networking,80 TB Out + Unlimited In,86.29,0,,,,,,EUR
ds-2,ds-2,Dedicated Server,AMD Ryzen 12 Cores,Add-on,Networking,Additional IP adress,3.5,0,,,,,,EUR
ds-2,ds-2,Dedicated Server,AMD Ryzen 12 Cores,Add-on,Networking,Unlimited Traffic,0,0,,,,,,EUR
ds-2,ds-2,Dedicated Server,AMD Ryzen 12 Cores,Add-on,RAM,1 IP Address,0,0,,,,,,EUR
ds-2,ds-2,Dedicated Server,AMD Ryzen 12 Cores,Add-on,Software,Docker,0,0,,,,,,EUR
ds-2,ds-2,Dedicated Server,AMD Ryzen 12 Cores,Add-on,Software,LAMP,0,0,,,,,,EUR
ds-2,ds-2,Dedicated Server,AMD Ryzen 12 Cores,Add-on,Software,Proxmox VE 8.0,0,0,,,,,,EUR
ds-2,ds-2,Dedicated Server,AMD Ryzen 12 Cores,Add-on,Storage,1 TB NVMe,0,0,,,,,,EUR
ds-2,ds-2,Dedicated Server,AMD Ryzen 12 Cores,Add-on,Storage,1 TB SSD,10,0,,,,,,EUR
ds-2,ds-2,Dedicated Server,AMD Ryzen 12 Cores,Add-on,Storage,16 TB HDD,21.9,0,,,,,,EUR
ds-2,ds-2,Dedicated Server,AMD Ryzen 12 Cores,Add-on,Storage,2 TB NVMe,19,0,,,,,,EUR
ds-2,ds-2,Dedicated Server,AMD Ryzen 12 Cores,Add-on,Storage,2 TB SSD,17.9,0,,,,,,EUR
ds-2,ds-2,Dedicated Server,AMD Ryzen 12 Cores,Add-on,Storage,4 TB SSD,32.9,0,,,,,,EUR
ds-2,ds-2,Dedicated Server,AMD Ryzen 12 Cores,Add-on,Storage,Software RAID,0,0,,,,,,EUR
ds-2,ds-2,Dedicated Server,AMD Ryzen 12 Cores,Image,OS,AlmaLinux 9,0,0,,,,,,EUR
ds-2,ds-2,Dedicated Server,AMD Ryzen 12 Cores,Image,OS,Arch Linux,0,0,,,,,,EUR
ds-2,ds-2,Dedicated Server,AMD Ryzen 12 Cores,Image,OS,Debian 12,0,0,,,,,,EUR
ds-2,ds-2,Dedicated Server,AMD Ryzen 12 Cores,Image,OS,Debian 13,0,0,,,,,,EUR
ds-2,ds-2,Dedicated Server,AMD Ryzen 12 Cores,Image,OS,Rocky Linux 8,0,0,,,,,,EUR
ds-2,ds-2,Dedicated Server,AMD Ryzen 12 Cores,Image,OS,Rocky Linux 9,0,0,,,,,,EUR
ds-2,ds-2,Dedicated Server,AMD Ryzen 12 Cores,Image,OS,Ubuntu 19.10 (64 Bit),0,0,,,,,,EUR
ds-2,ds-2,Dedicated Server,AMD Ryzen 12 Cores,Image,OS,Ubuntu 22.04,0,0,,,,,,EUR
ds-2,ds-2,Dedicated Server,AMD Ryzen 12 Cores,Image,OS,Windows Server 2016 Standard,50,50,,,,,,EUR
ds-2,ds-2,Dedicated Server,AMD Ryzen 12 Cores,Image,OS,Windows Server 2019 Standard,50,50,,,,,,EUR
ds-2,ds-2,Dedicated Server,AMD Ryzen 12 Cores,Image,OS,Windows Server 2022 Standard,50,50,,,,,,EUR
ds-2,ds-2,Dedicated Server,AMD Ryzen 12 Cores,Region,America,United States (Central),8.1,0,America,United States (Central),US,Central,,EUR
ds-2,ds-2,Dedicated Server,AMD Ryzen 12 Cores,Region,America,United States (East),11.25,0,America,United States (East),US,East,,EUR
ds-2,ds-2,Dedicated Server,AMD Ryzen 12 Cores,Region,America,United States (West),9.6,0,America,United States (West),US,West,,EUR
ds-2,ds-2,Dedicated Server,AMD Ryzen 12 Cores,Region,Asia,India,34.2,0,Asia,India,IN,,,EUR
ds-2,ds-2,Dedicated Server,AMD Ryzen 12 Cores,Region,Asia,Japan,34,0,Asia,Japan,JP,,,EUR
ds-2,ds-2,Dedicated Server,AMD Ryzen 12 Cores,Region,Asia,Singapore,36,0,Asia,Singapore,SG,,,EUR
ds-2,ds-2,Dedicated Server,AMD Ryzen 12 Cores,Region,Australia,Australia,20.55,0,Australia,Australia,AU,,,EUR
ds-2,ds-2,Dedicated Server,AMD Ryzen 12 Cores,Region,Europe,European Union,0,0,Europe,European Union,EU,,true,EUR
ds-2,ds-2,Dedicated Server,AMD Ryzen 12 Cores,Region,Europe,United Kingdom,8.1,0,Europe,United Kingdom,UK,,,EUR
ds-1,ds-1,Dedicated Server,AMD Ryzen 12 Cores,Add-on,Control Panel,Plesk Obsidian Web Admin Edition,12,0,,,,,,EUR
ds-1,ds-1,Dedicated Server,AMD Ryzen 12 Cores,Add-on,Control Panel,Plesk Obsidian Web Host Edition,41.5,0,,,,,,EUR
ds-1,ds-1,Dedicated Server,AMD Ryzen 12 Cores,Add-on,Control Panel,Plesk Obsidian Web Pro Edition,19,0,,,,,,EUR
ds-1,ds-1,Dedicated Server,AMD Ryzen 12 Cores,Add-on,Control Panel,Webmin,0,0,,,,,,EUR
ds-1,ds-1,Dedicated Server,AMD Ryzen 12 Cores,Add-on,Control Panel,Webmin + LAMP,0,0,,,,,,EUR
ds-1,ds-1,Dedicated Server,AMD Ryzen 12 Cores,Add-on,GPU,Nvidia Tesla A2 16 GB,219.99,57.49,,,,,,EUR
ds-1,ds-1,Dedicated Server,AMD Ryzen 12 Cores,Add-on,Management,Fast-track Setup,0,34.49,,,,,,EUR
ds-1,ds-1,Dedicated Server,AMD Ryzen 12 Cores,Add-on,Management,Free IPMI (iLO) Access,0,0,,,,,,EUR
ds-1,ds-1,Dedicated Server,AMD Ryzen 12 Cores,Add-on,Management,Standard Setup,0,0,,,,,,EUR
ds-1,ds-1,Dedicated Server,AMD Ryzen 12 Cores,Add-on,Networking,/64 Network,0,0,,,,,,EUR
ds-1,ds-1,Dedicated Server,AMD Ryzen 12 Cores,Add-on,Networking,1 Gbit/s,0,0,,,,,,EUR
ds-1,ds-1,Dedicated Server,AMD Ryzen 12 Cores,Add-on,Networking,10 TB Out + Unlimited In,0,0,,,,,,EUR
ds-1,ds-1,Dedicated Server,AMD Ryzen 12 Cores,Add-on,Networking,160 TB Out + Unlimited In,172.49,0,,,,,,EUR
ds-1,ds-1,Dedicated Server,AMD Ryzen 12 Cores,Add-on,Networking,243 TB Out + Unlimited In,258.79,0,,,,,,EUR
ds-1,ds-1,Dedicated Server,AMD Ryzen 12 Cores,Add-on,Networking,32 TB Out + Unlimited In,0,0,,,,,,EUR
ds-1,ds-1,Dedicated Server,AMD Ryzen 12 Cores,Add-on,Networking,320 TB Out + Unlimited In,344.99,0,,,,,,EUR
ds-1,ds-1,Dedicated Server,AMD Ryzen 12 Cores,Add-on,Networking,80 TB Out + Unlimited In,86.29,0,,,,,,EUR
ds-1,ds-1,Dedicated Server,AMD Ryzen 12 Cores,Add-on,Networking,Additional IP adress,3.5,0,,,,,,EUR
ds-1,ds-1,Dedicated Server,AMD Ryzen 12 Cores,Add-on,Networking,Unlimited Traffic,0,0,,,,,,EUR
ds-1,ds-1,Dedicated Server,AMD Ryzen 12 Cores,Add-on,RAM,1 IP Address,0,0,,,,,,EUR
ds-1,ds-1,Dedicated Server,AMD Ryzen 12 Cores,Add-on,Software,Docker,0,0,,,,,,EUR
ds-1,ds-1,Dedicated Server,AMD Ryzen 12 Cores,Add-on,Software,LAMP,0,0,,,,,,EUR
ds-1,ds-1,Dedicated Server,AMD Ryzen 12 Cores,Add-on,Software,Proxmox VE 8.0,0,0,,,,,,EUR
ds-1,ds-1,Dedicated Server,AMD Ryzen 12 Cores,Add-on,Storage,1 TB NVMe,0,0,,,,,,EUR
ds-1,ds-1,Dedicated Server,AMD Ryzen 12 Cores,Add-on,Storage,1 TB SSD,10,0,,,,,,EUR
ds-1,ds-1,Dedicated Server,AMD Ryzen 12 Cores,Add-on,Storage,16 TB HDD,21.9,0,,,,,,EUR
ds-1,ds-1,Dedicated Server,AMD Ryzen 12 Cores,Add-on,Storage,2 TB NVMe,19,0,,,,,,EUR
ds-1,ds-1,Dedicated Server,AMD Ryzen 12 Cores,Add-on,Storage,2 TB SSD,17.9,0,,,,,,EUR
ds-1,ds-1,Dedicated Server,AMD Ryzen 12 Cores,Add-on,Storage,4 TB SSD,32.9,0,,,,,,EUR
ds-1,ds-1,Dedicated Server,AMD Ryzen 12 Cores,Add-on,Storage,Software RAID,0,0,,,,,,EUR
ds-1,ds-1,Dedicated Server,AMD Ryzen 12 Cores,Image,OS,AlmaLinux 9,0,0,,,,,,EUR
ds-1,ds-1,Dedicated Server,AMD Ryzen 12 Cores,Image,OS,Arch Linux,0,0,,,,,,EUR
ds-1,ds-1,Dedicated Server,AMD Ryzen 12 Cores,Image,OS,Debian 12,0,0,,,,,,EUR
ds-1,ds-1,Dedicated Server,AMD Ryzen 12 Cores,Image,OS,Rocky Linux 10,0,0,,,,,,EUR
ds-1,ds-1,Dedicated Server,AMD Ryzen 12 Cores,Image,OS,Rocky Linux 8,0,0,,,,,,EUR
ds-1,ds-1,Dedicated Server,AMD Ryzen 12 Cores,Image,OS,Rocky Linux 9,0,0,,,,,,EUR
ds-1,ds-1,Dedicated Server,AMD Ryzen 12 Cores,Image,OS,Ubuntu 19.10 (64 Bit),0,0,,,,,,EUR
ds-1,ds-1,Dedicated Server,AMD Ryzen 12 Cores,Image,OS,Ubuntu 22.04,0,0,,,,,,EUR
ds-1,ds-1,Dedicated Server,AMD Ryzen 12 Cores,Image,OS,Windows Server 2016 Standard,50,50,,,,,,EUR
ds-1,ds-1,Dedicated Server,AMD Ryzen 12 Cores,Image,OS,Windows Server 2019 Standard,50,50,,,,,,EUR
ds-1,ds-1,Dedicated Server,AMD Ryzen 12 Cores,Image,OS,Windows Server 2022 Standard,50,50,,,,,,EUR
ds-1,ds-1,Dedicated Server,AMD Ryzen 12 Cores,Region,America,United States (Central),8.1,0,America,United States (Central),US,Central,,EUR
ds-1,ds-1,Dedicated Server,AMD Ryzen 12 Cores,Region,America,United States (East),11.25,0,America,United States (East),US,East,,EUR
ds-1,ds-1,Dedicated Server,AMD Ryzen 12 Cores,Region,America,United States (West),9.6,0,America,United States (West),US,West,,EUR
ds-1,ds-1,Dedicated Server,AMD Ryzen 12 Cores,Region,Asia,India,34.2,0,Asia,India,IN,,,EUR
ds-1,ds-1,Dedicated Server,AMD Ryzen 12 Cores,Region,Asia,Japan,34,0,Asia,Japan,JP,,,EUR
ds-1,ds-1,Dedicated Server,AMD Ryzen 12 Cores,Region,Asia,Singapore,36,0,Asia,Singapore,SG,,,EUR
ds-1,ds-1,Dedicated Server,AMD Ryzen 12 Cores,Region,Australia,Australia,20.55,0,Australia,Australia,AU,,,EUR
ds-1,ds-1,Dedicated Server,AMD Ryzen 12 Cores,Region,Europe,European Union,0,0,Europe,European Union,EU,,true,EUR
ds-1,ds-1,Dedicated Server,AMD Ryzen 12 Cores,Region,Europe,United Kingdom,8.1,0,Europe,United Kingdom,UK,,,EUR
amd-9-7900-ryzen-12-cores-dedicated-server,amd-9-7900-ryzen-12-cores-dedicated-server,Dedicated Server,AMD 9 7900 Ryzen 12 Cores Dedicated Server,Image,OS,AlmaLinux 10,0,0,,,,,,EUR
amd-9-7900-ryzen-12-cores-dedicated-server,amd-9-7900-ryzen-12-cores-dedicated-server,Dedicated Server,AMD 9 7900 Ryzen 12 Cores Dedicated Server,Image,OS,Debian 13,0,0,,,,,,EUR
amd-9-7900-ryzen-12-cores-dedicated-server,amd-9-7900-ryzen-12-cores-dedicated-server,Dedicated Server,AMD 9 7900 Ryzen 12 Cores Dedicated Server,Image,OS,Rocky Linux 10,0,0,,,,,,EUR
cloud-vps-10,cloud-vps-10,Cloud VPS,Cloud VPS 10,Data Protection,Auto Backup,Auto Backup,1.5,0,,,,,,EUR
cloud-vps-10,cloud-vps-10,Cloud VPS,Cloud VPS 10,Data Protection,None,No Data Protection,0,0,,,,,true,EUR
cloud-vps-10,cloud-vps-10,Cloud VPS,Cloud VPS 10,Image,Apps,Coolify Server,0,0,,,,,,EUR
cloud-vps-10,cloud-vps-10,Cloud VPS,Cloud VPS 10,Image,Apps,Docker,0,0,,,,,,EUR
cloud-vps-10,cloud-vps-10,Cloud VPS,Cloud VPS 10,Image,Apps,Dokploy Server,0,0,,,,,,EUR
cloud-vps-10,cloud-vps-10,Cloud VPS,Cloud VPS 10,Image,Apps,GitLab Server,0,0,,,,,,EUR
cloud-vps-10,cloud-vps-10,Cloud VPS,Cloud VPS 10,Image,Apps,Hermes Agent Server,0,0,,,,,,EUR
cloud-vps-10,cloud-vps-10,Cloud VPS,Cloud VPS 10,Image,Apps,LAMP,0,0,,,,,,EUR
cloud-vps-10,cloud-vps-10,Cloud VPS,Cloud VPS 10,Image,Apps,n8n Server,0,0,,,,,,EUR
cloud-vps-10,cloud-vps-10,Cloud VPS,Cloud VPS 10,Image,Apps,Nextcloud Server,0,0,,,,,,EUR
cloud-vps-10,cloud-vps-10,Cloud VPS,Cloud VPS 10,Image,Apps,OpenClaw Server,0,0,,,,,,EUR
cloud-vps-10,cloud-vps-10,Cloud VPS,Cloud VPS 10,Image,Apps,Paperclip Server,0,0,,,,,,EUR
cloud-vps-10,cloud-vps-10,Cloud VPS,Cloud VPS 10,Image,Apps,WireGuard Server,0,0,,,,,,EUR
cloud-vps-10,cloud-vps-10,Cloud VPS,Cloud VPS 10,Image,Apps,Zeroclaw Server,0,0,,,,,,EUR
cloud-vps-10,cloud-vps-10,Cloud VPS,Cloud VPS 10,Image,Blockchain,Flux Node,0,0,,,,,,EUR
cloud-vps-10,cloud-vps-10,Cloud VPS,Cloud VPS 10,Image,Blockchain,Horizen Node,0,0,,,,,,EUR
cloud-vps-10,cloud-vps-10,Cloud VPS,Cloud VPS 10,Image,Blockchain,IPFS Node,0,0,,,,,,EUR
cloud-vps-10,cloud-vps-10,Cloud VPS,Cloud VPS 10,Image,OS,AlmaLinux 10,0,0,,,,,,EUR
cloud-vps-10,cloud-vps-10,Cloud VPS,Cloud VPS 10,Image,OS,AlmaLinux 9,0,0,,,,,,EUR
cloud-vps-10,cloud-vps-10,Cloud VPS,Cloud VPS 10,Image,OS,Arch Linux,0,0,,,,,,EUR
cloud-vps-10,cloud-vps-10,Cloud VPS,Cloud VPS 10,Image,OS,Debian 12,0,0,,,,,,EUR
cloud-vps-10,cloud-vps-10,Cloud VPS,Cloud VPS 10,Image,OS,Debian 13,0,0,,,,,,EUR
cloud-vps-10,cloud-vps-10,Cloud VPS,Cloud VPS 10,Image,OS,FreeBSD 12.2,0,0,,,,,,EUR
cloud-vps-10,cloud-vps-10,Cloud VPS,Cloud VPS 10,Image,OS,Rocky Linux 8,0,0,,,,,,EUR
cloud-vps-10,cloud-vps-10,Cloud VPS,Cloud VPS 10,Image,OS,Rocky Linux 9,0,0,,,,,,EUR
cloud-vps-10,cloud-vps-10,Cloud VPS,Cloud VPS 10,Image,OS,Ubuntu 19.10 (64 Bit),0,0,,,,,,EUR
cloud-vps-10,cloud-vps-10,Cloud VPS,Cloud VPS 10,Image,OS,Ubuntu 22.04,0,0,,,,,,EUR
cloud-vps-10,cloud-vps-10,Cloud VPS,Cloud VPS 10,Image,OS,Ubuntu 24.04,0,0,,,,,true,EUR
cloud-vps-10,cloud-vps-10,Cloud VPS,Cloud VPS 10,Image,OS,Ubuntu 26.04,0,0,,,,,,EUR
cloud-vps-10,cloud-vps-10,Cloud VPS,Cloud VPS 10,Image,OS,Windows Server 2016 Datacenter,6.85,0,,,,,,EUR
cloud-vps-10,cloud-vps-10,Cloud VPS,Cloud VPS 10,Image,OS,Windows Server 2019 Datacenter,8,0,,,,,,EUR
cloud-vps-10,cloud-vps-10,Cloud VPS,Cloud VPS 10,Image,OS,Windows Server 2022 Datacenter,8,0,,,,,,EUR
cloud-vps-10,cloud-vps-10,Cloud VPS,Cloud VPS 10,Image,OS,Windows Server 2025 Datacenter,8,0,,,,,,EUR
cloud-vps-10,cloud-vps-10,Cloud VPS,Cloud VPS 10,Image,Panels,cPanel/WHM (5 accounts),21.75,0,,,,,,EUR
cloud-vps-10,cloud-vps-10,Cloud VPS,Cloud VPS 10,Image,Panels,Plesk Admin Edition,12,0,,,,,,EUR
cloud-vps-10,cloud-vps-10,Cloud VPS,Cloud VPS 10,Image,Panels,Plesk Host Edition,36.5,0,,,,,,EUR
cloud-vps-10,cloud-vps-10,Cloud VPS,Cloud VPS 10,Image,Panels,Plesk Pro Edition,19,0,,,,,,EUR
cloud-vps-10,cloud-vps-10,Cloud VPS,Cloud VPS 10,Image,Panels,Webmin,0,0,,,,,,EUR
cloud-vps-10,cloud-vps-10,Cloud VPS,Cloud VPS 10,Image,Panels,Webmin + LAMP,0,0,,,,,,EUR
cloud-vps-10,cloud-vps-10,Cloud VPS,Cloud VPS 10,Networking,Bandwidth,10 TB Out + Unlimited In,0,0,,,,,,EUR
cloud-vps-10,cloud-vps-10,Cloud VPS,Cloud VPS 10,Networking,Bandwidth,32 TB Out + Unlimited In,0,0,,,,,,EUR
cloud-vps-10,cloud-vps-10,Cloud VPS,Cloud VPS 10,Networking,Bandwidth,Unlimited Traffic,0,0,,,,,true,EUR
cloud-vps-10,cloud-vps-10,Cloud VPS,Cloud VPS 10,Networking,IPv4,1 IP Address,0,0,,,,,true,EUR
cloud-vps-10,cloud-vps-10,Cloud VPS,Cloud VPS 10,Networking,IPv4,Additional IP Address,3.5,0,,,,,,EUR
cloud-vps-10,cloud-vps-10,Cloud VPS,Cloud VPS 10,Networking,Private Networking,No Private Networking,0,0,,,,,true,EUR
cloud-vps-10,cloud-vps-10,Cloud VPS,Cloud VPS 10,Networking,Private Networking,Private Networking Enabled,2.29,0,,,,,,EUR
cloud-vps-10,cloud-vps-10,Cloud VPS,Cloud VPS 10,Region,America,United States (East),1.55,0,America,United States (East),US,East,,EUR
cloud-vps-10,cloud-vps-10,Cloud VPS,Cloud VPS 10,Region,America,United States (West),1.3,0,America,United States (West),US,West,,EUR
cloud-vps-10,cloud-vps-10,Cloud VPS,Cloud VPS 10,Region,Asia,India,2.4,0,Asia,India,IN,,,EUR
cloud-vps-10,cloud-vps-10,Cloud VPS,Cloud VPS 10,Region,Asia,Japan,2.55,0,Asia,Japan,JP,,,EUR
cloud-vps-10,cloud-vps-10,Cloud VPS,Cloud VPS 10,Region,Asia,Singapore,2.5,0,Asia,Singapore,SG,,,EUR
cloud-vps-10,cloud-vps-10,Cloud VPS,Cloud VPS 10,Region,Australia,Australia,2.15,0,Australia,Australia,AU,,,EUR
cloud-vps-10,cloud-vps-10,Cloud VPS,Cloud VPS 10,Region,Europe,European Union,0,0,Europe,European Union,EU,,true,EUR
cloud-vps-10,cloud-vps-10,Cloud VPS,Cloud VPS 10,Region,Europe,United Kingdom,1.05,0,Europe,United Kingdom,UK,,,EUR
cloud-vps-10,cloud-vps-10,Cloud VPS,Cloud VPS 10,Storage Type,NVMe,150 GB NVMe,2.3,0,,,,,,EUR
cloud-vps-10,cloud-vps-10,Cloud VPS,Cloud VPS 10,Storage Type,NVMe,75 GB NVMe,0,0,,,,,true,EUR
cloud-vps-10,cloud-vps-10,Cloud VPS,Cloud VPS 10,Storage Type,SSD,150 GB SSD,0,0,,,,,,EUR
cloud-vps-10,cloud-vps-10,Cloud VPS,Cloud VPS 10,Storage Type,SSD,300 GB SSD,1.95,0,,,,,,EUR
cloud-vps-40,cloud-vps-40,Cloud VPS,Cloud VPS 40,Data Protection,Auto Backup,Auto Backup,6,0,,,,,,EUR
cloud-vps-40,cloud-vps-40,Cloud VPS,Cloud VPS 40,Data Protection,None,No Data Protection,0,0,,,,,true,EUR
cloud-vps-40,cloud-vps-40,Cloud VPS,Cloud VPS 40,Image,Apps,Coolify Server,0,0,,,,,,EUR
cloud-vps-40,cloud-vps-40,Cloud VPS,Cloud VPS 40,Image,Apps,Docker,0,0,,,,,,EUR
cloud-vps-40,cloud-vps-40,Cloud VPS,Cloud VPS 40,Image,Apps,Dokploy Server,0,0,,,,,,EUR
cloud-vps-40,cloud-vps-40,Cloud VPS,Cloud VPS 40,Image,Apps,GitLab Server,0,0,,,,,,EUR
cloud-vps-40,cloud-vps-40,Cloud VPS,Cloud VPS 40,Image,Apps,Hermes Agent Server,0,0,,,,,,EUR
cloud-vps-40,cloud-vps-40,Cloud VPS,Cloud VPS 40,Image,Apps,LAMP,0,0,,,,,,EUR
cloud-vps-40,cloud-vps-40,Cloud VPS,Cloud VPS 40,Image,Apps,n8n Server,0,0,,,,,,EUR
cloud-vps-40,cloud-vps-40,Cloud VPS,Cloud VPS 40,Image,Apps,Nextcloud Server,0,0,,,,,,EUR
cloud-vps-40,cloud-vps-40,Cloud VPS,Cloud VPS 40,Image,Apps,Ollama Server,0,0,,,,,,EUR
cloud-vps-40,cloud-vps-40,Cloud VPS,Cloud VPS 40,Image,Apps,OpenClaw Server,0,0,,,,,,EUR
cloud-vps-40,cloud-vps-40,Cloud VPS,Cloud VPS 40,Image,Apps,Paperclip Server,0,0,,,,,,EUR
cloud-vps-40,cloud-vps-40,Cloud VPS,Cloud VPS 40,Image,Apps,WireGuard Server,0,0,,,,,,EUR
cloud-vps-40,cloud-vps-40,Cloud VPS,Cloud VPS 40,Image,Apps,Zeroclaw Server,0,0,,,,,,EUR
cloud-vps-40,cloud-vps-40,Cloud VPS,Cloud VPS 40,Image,Blockchain,Flux Node,0,0,,,,,,EUR
cloud-vps-40,cloud-vps-40,Cloud VPS,Cloud VPS 40,Image,Blockchain,Horizen Node,0,0,,,,,,EUR
cloud-vps-40,cloud-vps-40,Cloud VPS,Cloud VPS 40,Image,Blockchain,IPFS Node,0,0,,,,,,EUR
cloud-vps-40,cloud-vps-40,Cloud VPS,Cloud VPS 40,Image,OS,AlmaLinux 10,0,0,,,,,,EUR
cloud-vps-40,cloud-vps-40,Cloud VPS,Cloud VPS 40,Image,OS,AlmaLinux 9,0,0,,,,,,EUR
cloud-vps-40,cloud-vps-40,Cloud VPS,Cloud VPS 40,Image,OS,Arch Linux,0,0,,,,,,EUR
cloud-vps-40,cloud-vps-40,Cloud VPS,Cloud VPS 40,Image,OS,Debian 12,0,0,,,,,,EUR
cloud-vps-40,cloud-vps-40,Cloud VPS,Cloud VPS 40,Image,OS,FreeBSD 12.2,0,0,,,,,,EUR
cloud-vps-40,cloud-vps-40,Cloud VPS,Cloud VPS 40,Image,OS,Rocky Linux 8,0,0,,,,,,EUR
cloud-vps-40,cloud-vps-40,Cloud VPS,Cloud VPS 40,Image,OS,Rocky Linux 9,0,0,,,,,,EUR
cloud-vps-40,cloud-vps-40,Cloud VPS,Cloud VPS 40,Image,OS,Ubuntu 19.10 (64 Bit),0,0,,,,,,EUR
cloud-vps-40,cloud-vps-40,Cloud VPS,Cloud VPS 40,Image,OS,Ubuntu 22.04,0,0,,,,,,EUR
cloud-vps-40,cloud-vps-40,Cloud VPS,Cloud VPS 40,Image,OS,Ubuntu 24.04,0,0,,,,,true,EUR
cloud-vps-40,cloud-vps-40,Cloud VPS,Cloud VPS 40,Image,OS,Ubuntu 26.04,0,0,,,,,,EUR
cloud-vps-40,cloud-vps-40,Cloud VPS,Cloud VPS 40,Image,OS,Windows Server 2016 Datacenter,50,0,,,,,,EUR
cloud-vps-40,cloud-vps-40,Cloud VPS,Cloud VPS 40,Image,OS,Windows Server 2019 Datacenter,53,0,,,,,,EUR
cloud-vps-40,cloud-vps-40,Cloud VPS,Cloud VPS 40,Image,OS,Windows Server 2022 Datacenter,53,0,,,,,,EUR
cloud-vps-40,cloud-vps-40,Cloud VPS,Cloud VPS 40,Image,OS,Windows Server 2025 Datacenter,53,0,,,,,,EUR
cloud-vps-40,cloud-vps-40,Cloud VPS,Cloud VPS 40,Image,Panels,cPanel/WHM (5 accounts),21.75,0,,,,,,EUR
cloud-vps-40,cloud-vps-40,Cloud VPS,Cloud VPS 40,Image,Panels,Plesk Admin Edition,12,0,,,,,,EUR
cloud-vps-40,cloud-vps-40,Cloud VPS,Cloud VPS 40,Image,Panels,Plesk Host Edition,36.5,0,,,,,,EUR
cloud-vps-40,cloud-vps-40,Cloud VPS,Cloud VPS 40,Image,Panels,Plesk Pro Edition,19,0,,,,,,EUR
cloud-vps-40,cloud-vps-40,Cloud VPS,Cloud VPS 40,Image,Panels,Webmin,0,0,,,,,,EUR
cloud-vps-40,cloud-vps-40,Cloud VPS,Cloud VPS 40,Image,Panels,Webmin + LAMP,0,0,,,,,,EUR
cloud-vps-40,cloud-vps-40,Cloud VPS,Cloud VPS 40,Networking,Bandwidth,10 TB Out + Unlimited In,0,0,,,,,,EUR
cloud-vps-40,cloud-vps-40,Cloud VPS,Cloud VPS 40,Networking,Bandwidth,32 TB Out + Unlimited In,0,0,,,,,,EUR
cloud-vps-40,cloud-vps-40,Cloud VPS,Cloud VPS 40,Networking,Bandwidth,Unlimited Traffic,0,0,,,,,true,EUR
cloud-vps-40,cloud-vps-40,Cloud VPS,Cloud VPS 40,Networking,IPv4,1 IP Address,0,0,,,,,true,EUR
cloud-vps-40,cloud-vps-40,Cloud VPS,Cloud VPS 40,Networking,IPv4,Additional IP Address,3.5,0,,,,,,EUR
cloud-vps-40,cloud-vps-40,Cloud VPS,Cloud VPS 40,Networking,Private Networking,No Private Networking,0,0,,,,,true,EUR
cloud-vps-40,cloud-vps-40,Cloud VPS,Cloud VPS 40,Networking,Private Networking,Private Networking Enabled,2.29,0,,,,,,EUR
cloud-vps-40,cloud-vps-40,Cloud VPS,Cloud VPS 40,Region,America,United States (Central),5.8,0,America,United States (Central),US,Central,,EUR
cloud-vps-40,cloud-vps-40,Cloud VPS,Cloud VPS 40,Region,America,United States (East),8.55,0,America,United States (East),US,East,,EUR
cloud-vps-40,cloud-vps-40,Cloud VPS,Cloud VPS 40,Region,America,United States (West),7.15,0,America,United States (West),US,West,,EUR
cloud-vps-40,cloud-vps-40,Cloud VPS,Cloud VPS 40,Region,Asia,India,13.2,0,Asia,India,IN,,,EUR
cloud-vps-40,cloud-vps-40,Cloud VPS,Cloud VPS 40,Region,Asia,Japan,14.3,0,Asia,Japan,JP,,,EUR
cloud-vps-40,cloud-vps-40,Cloud VPS,Cloud VPS 40,Region,Asia,Singapore,14.05,0,Asia,Singapore,SG,,,EUR
cloud-vps-40,cloud-vps-40,Cloud VPS,Cloud VPS 40,Region,Australia,Australia,11.85,0,Australia,Australia,AU,,,EUR
cloud-vps-40,cloud-vps-40,Cloud VPS,Cloud VPS 40,Region,Europe,European Union,0,0,Europe,European Union,EU,,true,EUR
cloud-vps-40,cloud-vps-40,Cloud VPS,Cloud VPS 40,Region,Europe,United Kingdom,5.8,0,Europe,United Kingdom,UK,,,EUR
cloud-vps-40,cloud-vps-40,Cloud VPS,Cloud VPS 40,Storage Type,NVMe,250 GB NVMe,0,0,,,,,true,EUR
cloud-vps-40,cloud-vps-40,Cloud VPS,Cloud VPS 40,Storage Type,NVMe,500 GB NVMe,4.8,0,,,,,,EUR
cloud-vps-40,cloud-vps-40,Cloud VPS,Cloud VPS 40,Storage Type,SSD,1 TB SSD,6.2,0,,,,,,EUR
cloud-vps-40,cloud-vps-40,Cloud VPS,Cloud VPS 40,Storage Type,SSD,500 GB SSD,0,0,,,,,,EUR
cloud-vps-20,cloud-vps-20,Cloud VPS,Cloud VPS 20,Data Protection,Auto Backup,Auto Backup,2,0,,,,,,EUR
cloud-vps-20,cloud-vps-20,Cloud VPS,Cloud VPS 20,Data Protection,None,No Data Protection,0,0,,,,,true,EUR
cloud-vps-20,cloud-vps-20,Cloud VPS,Cloud VPS 20,Image,Apps,Coolify Server,0,0,,,,,,EUR
cloud-vps-20,cloud-vps-20,Cloud VPS,Cloud VPS 20,Image,Apps,Docker,0,0,,,,,,EUR
cloud-vps-20,cloud-vps-20,Cloud VPS,Cloud VPS 20,Image,Apps,Dokploy Server,0,0,,,,,,EUR
cloud-vps-20,cloud-vps-20,Cloud VPS,Cloud VPS 20,Image,Apps,GitLab Server,0,0,,,,,,EUR
cloud-vps-20,cloud-vps-20,Cloud VPS,Cloud VPS 20,Image,Apps,Hermes Agent Server,0,0,,,,,,EUR
cloud-vps-20,cloud-vps-20,Cloud VPS,Cloud VPS 20,Image,Apps,LAMP,0,0,,,,,,EUR
cloud-vps-20,cloud-vps-20,Cloud VPS,Cloud VPS 20,Image,Apps,n8n Server,0,0,,,,,,EUR
cloud-vps-20,cloud-vps-20,Cloud VPS,Cloud VPS 20,Image,Apps,Nextcloud Server,0,0,,,,,,EUR
cloud-vps-20,cloud-vps-20,Cloud VPS,Cloud VPS 20,Image,Apps,OpenClaw Server,0,0,,,,,,EUR
cloud-vps-20,cloud-vps-20,Cloud VPS,Cloud VPS 20,Image,Apps,Paperclip Server,0,0,,,,,,EUR
cloud-vps-20,cloud-vps-20,Cloud VPS,Cloud VPS 20,Image,Apps,WireGuard Server,0,0,,,,,,EUR
cloud-vps-20,cloud-vps-20,Cloud VPS,Cloud VPS 20,Image,Apps,Zeroclaw Server,0,0,,,,,,EUR
cloud-vps-20,cloud-vps-20,Cloud VPS,Cloud VPS 20,Image,Blockchain,Flux Node,0,0,,,,,,EUR
cloud-vps-20,cloud-vps-20,Cloud VPS,Cloud VPS 20,Image,Blockchain,Horizen Node,0,0,,,,,,EUR
cloud-vps-20,cloud-vps-20,Cloud VPS,Cloud VPS 20,Image,Blockchain,IPFS Node,0,0,,,,,,EUR
cloud-vps-20,cloud-vps-20,Cloud VPS,Cloud VPS 20,Image,OS,AlmaLinux 10,0,0,,,,,,EUR
cloud-vps-20,cloud-vps-20,Cloud VPS,Cloud VPS 20,Image,OS,AlmaLinux 9,0,0,,,,,,EUR
cloud-vps-20,cloud-vps-20,Cloud VPS,Cloud VPS 20,Image,OS,Arch Linux,0,0,,,,,,EUR
cloud-vps-20,cloud-vps-20,Cloud VPS,Cloud VPS 20,Image,OS,Debian 12,0,0,,,,,,EUR
cloud-vps-20,cloud-vps-20,Cloud VPS,Cloud VPS 20,Image,OS,FreeBSD 12.2,0,0,,,,,,EUR
cloud-vps-20,cloud-vps-20,Cloud VPS,Cloud VPS 20,Image,OS,Rocky Linux 8,0,0,,,,,,EUR
cloud-vps-20,cloud-vps-20,Cloud VPS,Cloud VPS 20,Image,OS,Rocky Linux 9,0,0,,,,,,EUR
cloud-vps-20,cloud-vps-20,Cloud VPS,Cloud VPS 20,Image,OS,Ubuntu 19.10 (64 Bit),0,0,,,,,,EUR
cloud-vps-20,cloud-vps-20,Cloud VPS,Cloud VPS 20,Image,OS,Ubuntu 22.04,0,0,,,,,,EUR
cloud-vps-20,cloud-vps-20,Cloud VPS,Cloud VPS 20,Image,OS,Ubuntu 24.04,0,0,,,,,true,EUR
cloud-vps-20,cloud-vps-20,Cloud VPS,Cloud VPS 20,Image,OS,Ubuntu 26.04,0,0,,,,,,EUR
cloud-vps-20,cloud-vps-20,Cloud VPS,Cloud VPS 20,Image,OS,Windows Server 2016 Datacenter,13.8,0,,,,,,EUR
cloud-vps-20,cloud-vps-20,Cloud VPS,Cloud VPS 20,Image,OS,Windows Server 2019 Datacenter,17,0,,,,,,EUR
cloud-vps-20,cloud-vps-20,Cloud VPS,Cloud VPS 20,Image,OS,Windows Server 2022 Datacenter,17,0,,,,,,EUR
cloud-vps-20,cloud-vps-20,Cloud VPS,Cloud VPS 20,Image,OS,Windows Server 2025 Datacenter,17,0,,,,,,EUR
cloud-vps-20,cloud-vps-20,Cloud VPS,Cloud VPS 20,Image,Panels,cPanel/WHM (5 accounts),21.75,0,,,,,,EUR
cloud-vps-20,cloud-vps-20,Cloud VPS,Cloud VPS 20,Image,Panels,Plesk Admin Edition,12,0,,,,,,EUR
cloud-vps-20,cloud-vps-20,Cloud VPS,Cloud VPS 20,Image,Panels,Plesk Host Edition,36.5,0,,,,,,EUR
cloud-vps-20,cloud-vps-20,Cloud VPS,Cloud VPS 20,Image,Panels,Plesk Pro Edition,19,0,,,,,,EUR
cloud-vps-20,cloud-vps-20,Cloud VPS,Cloud VPS 20,Image,Panels,Webmin,0,0,,,,,,EUR
cloud-vps-20,cloud-vps-20,Cloud VPS,Cloud VPS 20,Image,Panels,Webmin + LAMP,0,0,,,,,,EUR
cloud-vps-20,cloud-vps-20,Cloud VPS,Cloud VPS 20,Networking,Bandwidth,10 TB Out + Unlimited In,0,0,,,,,,EUR
cloud-vps-20,cloud-vps-20,Cloud VPS,Cloud VPS 20,Networking,Bandwidth,32 TB Out + Unlimited In,0,0,,,,,,EUR
cloud-vps-20,cloud-vps-20,Cloud VPS,Cloud VPS 20,Networking,Bandwidth,Unlimited Traffic,0,0,,,,,true,EUR
cloud-vps-20,cloud-vps-20,Cloud VPS,Cloud VPS 20,Networking,IPv4,1 IP Address,0,0,,,,,true,EUR
cloud-vps-20,cloud-vps-20,Cloud VPS,Cloud VPS 20,Networking,IPv4,Additional IP Address,3.5,0,,,,,,EUR
cloud-vps-20,cloud-vps-20,Cloud VPS,Cloud VPS 20,Networking,Private Networking,No Private Networking,0,0,,,,,true,EUR
cloud-vps-20,cloud-vps-20,Cloud VPS,Cloud VPS 20,Networking,Private Networking,Private Networking Enabled,2.29,0,,,,,,EUR
cloud-vps-20,cloud-vps-20,Cloud VPS,Cloud VPS 20,Region,America,United States (Central),1.6,0,America,United States (Central),US,Central,,EUR
cloud-vps-20,cloud-vps-20,Cloud VPS,Cloud VPS 20,Region,America,United States (East),2.4,0,America,United States (East),US,East,,EUR
cloud-vps-20,cloud-vps-20,Cloud VPS,Cloud VPS 20,Region,America,United States (West),2,0,America,United States (West),US,West,,EUR
cloud-vps-20,cloud-vps-20,Cloud VPS,Cloud VPS 20,Region,Asia,India,3.7,0,Asia,India,IN,,,EUR
cloud-vps-20,cloud-vps-20,Cloud VPS,Cloud VPS 20,Region,Asia,Japan,4,0,Asia,Japan,JP,,,EUR
cloud-vps-20,cloud-vps-20,Cloud VPS,Cloud VPS 20,Region,Asia,Singapore,3.95,0,Asia,Singapore,SG,,,EUR
cloud-vps-20,cloud-vps-20,Cloud VPS,Cloud VPS 20,Region,Australia,Australia,3.3,0,Australia,Australia,AU,,,EUR
cloud-vps-20,cloud-vps-20,Cloud VPS,Cloud VPS 20,Region,Europe,European Union,0,0,Europe,European Union,EU,,true,EUR
cloud-vps-20,cloud-vps-20,Cloud VPS,Cloud VPS 20,Region,Europe,United Kingdom,1.6,0,Europe,United Kingdom,UK,,,EUR
cloud-vps-20,cloud-vps-20,Cloud VPS,Cloud VPS 20,Storage Type,NVMe,100 GB NVMe,0,0,,,,,true,EUR
cloud-vps-20,cloud-vps-20,Cloud VPS,Cloud VPS 20,Storage Type,NVMe,200 GB NVMe,3.2,0,,,,,,EUR
cloud-vps-20,cloud-vps-20,Cloud VPS,Cloud VPS 20,Storage Type,SSD,200 GB SSD,0,0,,,,,,EUR
cloud-vps-20,cloud-vps-20,Cloud VPS,Cloud VPS 20,Storage Type,SSD,400 GB SSD,2.45,0,,,,,,EUR
cloud-vps-30,cloud-vps-30,Cloud VPS,Cloud VPS 30,Data Protection,Auto Backup,Auto Backup,3.5,0,,,,,,EUR
cloud-vps-30,cloud-vps-30,Cloud VPS,Cloud VPS 30,Data Protection,None,No Data Protection,0,0,,,,,true,EUR
cloud-vps-30,cloud-vps-30,Cloud VPS,Cloud VPS 30,Image,Apps,Coolify Server,0,0,,,,,,EUR
cloud-vps-30,cloud-vps-30,Cloud VPS,Cloud VPS 30,Image,Apps,Docker,0,0,,,,,,EUR
cloud-vps-30,cloud-vps-30,Cloud VPS,Cloud VPS 30,Image,Apps,Dokploy Server,0,0,,,,,,EUR
cloud-vps-30,cloud-vps-30,Cloud VPS,Cloud VPS 30,Image,Apps,GitLab Server,0,0,,,,,,EUR
cloud-vps-30,cloud-vps-30,Cloud VPS,Cloud VPS 30,Image,Apps,Hermes Agent Server,0,0,,,,,,EUR
cloud-vps-30,cloud-vps-30,Cloud VPS,Cloud VPS 30,Image,Apps,LAMP,0,0,,,,,,EUR
cloud-vps-30,cloud-vps-30,Cloud VPS,Cloud VPS 30,Image,Apps,n8n Server,0,0,,,,,,EUR
cloud-vps-30,cloud-vps-30,Cloud VPS,Cloud VPS 30,Image,Apps,Nextcloud Server,0,0,,,,,,EUR
cloud-vps-30,cloud-vps-30,Cloud VPS,Cloud VPS 30,Image,Apps,Ollama Server,0,0,,,,,,EUR
cloud-vps-30,cloud-vps-30,Cloud VPS,Cloud VPS 30,Image,Apps,OpenClaw Server,0,0,,,,,,EUR
cloud-vps-30,cloud-vps-30,Cloud VPS,Cloud VPS 30,Image,Apps,Paperclip Server,0,0,,,,,,EUR
cloud-vps-30,cloud-vps-30,Cloud VPS,Cloud VPS 30,Image,Apps,WireGuard Server,0,0,,,,,,EUR
cloud-vps-30,cloud-vps-30,Cloud VPS,Cloud VPS 30,Image,Apps,Zeroclaw Server,0,0,,,,,,EUR
cloud-vps-30,cloud-vps-30,Cloud VPS,Cloud VPS 30,Image,Blockchain,Flux Node,0,0,,,,,,EUR
cloud-vps-30,cloud-vps-30,Cloud VPS,Cloud VPS 30,Image,Blockchain,Horizen Node,0,0,,,,,,EUR
cloud-vps-30,cloud-vps-30,Cloud VPS,Cloud VPS 30,Image,Blockchain,IPFS Node,0,0,,,,,,EUR
cloud-vps-30,cloud-vps-30,Cloud VPS,Cloud VPS 30,Image,OS,AlmaLinux 10,0,0,,,,,,EUR
cloud-vps-30,cloud-vps-30,Cloud VPS,Cloud VPS 30,Image,OS,AlmaLinux 9,0,0,,,,,,EUR
cloud-vps-30,cloud-vps-30,Cloud VPS,Cloud VPS 30,Image,OS,Arch Linux,0,0,,,,,,EUR
cloud-vps-30,cloud-vps-30,Cloud VPS,Cloud VPS 30,Image,OS,Debian 12,0,0,,,,,,EUR
cloud-vps-30,cloud-vps-30,Cloud VPS,Cloud VPS 30,Image,OS,FreeBSD 12.2,0,0,,,,,,EUR
cloud-vps-30,cloud-vps-30,Cloud VPS,Cloud VPS 30,Image,OS,Rocky Linux 8,0,0,,,,,,EUR
cloud-vps-30,cloud-vps-30,Cloud VPS,Cloud VPS 30,Image,OS,Rocky Linux 9,0,0,,,,,,EUR
cloud-vps-30,cloud-vps-30,Cloud VPS,Cloud VPS 30,Image,OS,Ubuntu 19.10 (64 Bit),0,0,,,,,,EUR
cloud-vps-30,cloud-vps-30,Cloud VPS,Cloud VPS 30,Image,OS,Ubuntu 22.04,0,0,,,,,,EUR
cloud-vps-30,cloud-vps-30,Cloud VPS,Cloud VPS 30,Image,OS,Ubuntu 24.04,0,0,,,,,true,EUR
cloud-vps-30,cloud-vps-30,Cloud VPS,Cloud VPS 30,Image,OS,Ubuntu 26.04,0,0,,,,,,EUR
cloud-vps-30,cloud-vps-30,Cloud VPS,Cloud VPS 30,Image,OS,Windows Server 2016 Datacenter,25.35,0,,,,,,EUR
cloud-vps-30,cloud-vps-30,Cloud VPS,Cloud VPS 30,Image,OS,Windows Server 2019 Datacenter,28,0,,,,,,EUR
cloud-vps-30,cloud-vps-30,Cloud VPS,Cloud VPS 30,Image,OS,Windows Server 2022 Datacenter,28,0,,,,,,EUR
cloud-vps-30,cloud-vps-30,Cloud VPS,Cloud VPS 30,Image,OS,Windows Server 2025 Datacenter,28,0,,,,,,EUR
cloud-vps-30,cloud-vps-30,Cloud VPS,Cloud VPS 30,Image,Panels,cPanel/WHM (5 accounts),21.75,0,,,,,,EUR
cloud-vps-30,cloud-vps-30,Cloud VPS,Cloud VPS 30,Image,Panels,Plesk Admin Edition,12,0,,,,,,EUR
cloud-vps-30,cloud-vps-30,Cloud VPS,Cloud VPS 30,Image,Panels,Plesk Host Edition,36.5,0,,,,,,EUR
cloud-vps-30,cloud-vps-30,Cloud VPS,Cloud VPS 30,Image,Panels,Plesk Pro Edition,19,0,,,,,,EUR
cloud-vps-30,cloud-vps-30,Cloud VPS,Cloud VPS 30,Image,Panels,Webmin,0,0,,,,,,EUR
cloud-vps-30,cloud-vps-30,Cloud VPS,Cloud VPS 30,Image,Panels,Webmin + LAMP,0,0,,,,,,EUR
cloud-vps-30,cloud-vps-30,Cloud VPS,Cloud VPS 30,Networking,Bandwidth,10 TB Out + Unlimited In,0,0,,,,,,EUR
cloud-vps-30,cloud-vps-30,Cloud VPS,Cloud VPS 30,Networking,Bandwidth,32 TB Out + Unlimited In,0,0,,,,,,EUR
cloud-vps-30,cloud-vps-30,Cloud VPS,Cloud VPS 30,Networking,Bandwidth,Unlimited Traffic,0,0,,,,,true,EUR
cloud-vps-30,cloud-vps-30,Cloud VPS,Cloud VPS 30,Networking,IPv4,1 IP Address,0,0,,,,,true,EUR
cloud-vps-30,cloud-vps-30,Cloud VPS,Cloud VPS 30,Networking,IPv4,Additional IP Address,3.5,0,,,,,,EUR
cloud-vps-30,cloud-vps-30,Cloud VPS,Cloud VPS 30,Networking,Private Networking,No Private Networking,0,0,,,,,true,EUR
cloud-vps-30,cloud-vps-30,Cloud VPS,Cloud VPS 30,Networking,Private Networking,Private Networking Enabled,2.29,0,,,,,,EUR
cloud-vps-30,cloud-vps-30,Cloud VPS,Cloud VPS 30,Region,America,United States (Central),3.25,0,America,United States (Central),US,Central,,EUR
cloud-vps-30,cloud-vps-30,Cloud VPS,Cloud VPS 30,Region,America,United States (East),4.75,0,America,United States (East),US,East,,EUR
cloud-vps-30,cloud-vps-30,Cloud VPS,Cloud VPS 30,Region,America,United States (West),4,0,America,United States (West),US,West,,EUR
cloud-vps-30,cloud-vps-30,Cloud VPS,Cloud VPS 30,Region,Asia,India,7.4,0,Asia,India,IN,,,EUR
cloud-vps-30,cloud-vps-30,Cloud VPS,Cloud VPS 30,Region,Asia,Japan,8,0,Asia,Japan,JP,,,EUR
cloud-vps-30,cloud-vps-30,Cloud VPS,Cloud VPS 30,Region,Asia,Singapore,7.85,0,Asia,Singapore,SG,,,EUR
cloud-vps-30,cloud-vps-30,Cloud VPS,Cloud VPS 30,Region,Australia,Australia,6.6,0,Australia,Australia,AU,,,EUR
cloud-vps-30,cloud-vps-30,Cloud VPS,Cloud VPS 30,Region,Europe,European Union,0,0,Europe,European Union,EU,,true,EUR
cloud-vps-30,cloud-vps-30,Cloud VPS,Cloud VPS 30,Region,Europe,United Kingdom,3.25,0,Europe,United Kingdom,UK,,,EUR
cloud-vps-30,cloud-vps-30,Cloud VPS,Cloud VPS 30,Storage Type,NVMe,200 GB NVMe,0,0,,,,,true,EUR
cloud-vps-30,cloud-vps-30,Cloud VPS,Cloud VPS 30,Storage Type,NVMe,400 GB NVMe,4.05,0,,,,,,EUR
cloud-vps-30,cloud-vps-30,Cloud VPS,Cloud VPS 30,Storage Type,SSD,400 GB SSD,0,0,,,,,,EUR
cloud-vps-30,cloud-vps-30,Cloud VPS,Cloud VPS 30,Storage Type,SSD,800 GB SSD,4.8,0,,,,,,EUR
cloud-vps-60,cloud-vps-60,Cloud VPS,Cloud VPS 60,Data Protection,Auto Backup,Auto Backup,9.5,0,,,,,,EUR
cloud-vps-60,cloud-vps-60,Cloud VPS,Cloud VPS 60,Data Protection,None,No Data Protection,0,0,,,,,true,EUR
cloud-vps-60,cloud-vps-60,Cloud VPS,Cloud VPS 60,Image,Apps,Coolify Server,0,0,,,,,,EUR
cloud-vps-60,cloud-vps-60,Cloud VPS,Cloud VPS 60,Image,Apps,Docker,0,0,,,,,,EUR
cloud-vps-60,cloud-vps-60,Cloud VPS,Cloud VPS 60,Image,Apps,Dokploy Server,0,0,,,,,,EUR
cloud-vps-60,cloud-vps-60,Cloud VPS,Cloud VPS 60,Image,Apps,GitLab Server,0,0,,,,,,EUR
cloud-vps-60,cloud-vps-60,Cloud VPS,Cloud VPS 60,Image,Apps,Hermes Agent Server,0,0,,,,,,EUR
cloud-vps-60,cloud-vps-60,Cloud VPS,Cloud VPS 60,Image,Apps,LAMP,0,0,,,,,,EUR
cloud-vps-60,cloud-vps-60,Cloud VPS,Cloud VPS 60,Image,Apps,n8n Server,0,0,,,,,,EUR
cloud-vps-60,cloud-vps-60,Cloud VPS,Cloud VPS 60,Image,Apps,Nextcloud Server,0,0,,,,,,EUR
cloud-vps-60,cloud-vps-60,Cloud VPS,Cloud VPS 60,Image,Apps,Ollama Server,0,0,,,,,,EUR
cloud-vps-60,cloud-vps-60,Cloud VPS,Cloud VPS 60,Image,Apps,OpenClaw Server,0,0,,,,,,EUR
cloud-vps-60,cloud-vps-60,Cloud VPS,Cloud VPS 60,Image,Apps,Paperclip Server,0,0,,,,,,EUR
cloud-vps-60,cloud-vps-60,Cloud VPS,Cloud VPS 60,Image,Apps,WireGuard Server,0,0,,,,,,EUR
cloud-vps-60,cloud-vps-60,Cloud VPS,Cloud VPS 60,Image,Apps,Zeroclaw Server,0,0,,,,,,EUR
cloud-vps-60,cloud-vps-60,Cloud VPS,Cloud VPS 60,Image,Blockchain,Flux Node,0,0,,,,,,EUR
cloud-vps-60,cloud-vps-60,Cloud VPS,Cloud VPS 60,Image,Blockchain,Horizen Node,0,0,,,,,,EUR
cloud-vps-60,cloud-vps-60,Cloud VPS,Cloud VPS 60,Image,Blockchain,IPFS Node,0,0,,,,,,EUR
cloud-vps-60,cloud-vps-60,Cloud VPS,Cloud VPS 60,Image,OS,AlmaLinux 10,0,0,,,,,,EUR
cloud-vps-60,cloud-vps-60,Cloud VPS,Cloud VPS 60,Image,OS,AlmaLinux 9,0,0,,,,,,EUR
cloud-vps-60,cloud-vps-60,Cloud VPS,Cloud VPS 60,Image,OS,Arch Linux,0,0,,,,,,EUR
cloud-vps-60,cloud-vps-60,Cloud VPS,Cloud VPS 60,Image,OS,Debian 12,0,0,,,,,,EUR
cloud-vps-60,cloud-vps-60,Cloud VPS,Cloud VPS 60,Image,OS,FreeBSD 12.2,0,0,,,,,,EUR
cloud-vps-60,cloud-vps-60,Cloud VPS,Cloud VPS 60,Image,OS,Rocky Linux 8,0,0,,,,,,EUR
cloud-vps-60,cloud-vps-60,Cloud VPS,Cloud VPS 60,Image,OS,Rocky Linux 9,0,0,,,,,,EUR
cloud-vps-60,cloud-vps-60,Cloud VPS,Cloud VPS 60,Image,OS,Ubuntu 19.10 (64 Bit),0,0,,,,,,EUR
cloud-vps-60,cloud-vps-60,Cloud VPS,Cloud VPS 60,Image,OS,Ubuntu 22.04,0,0,,,,,,EUR
cloud-vps-60,cloud-vps-60,Cloud VPS,Cloud VPS 60,Image,OS,Ubuntu 24.04,0,0,,,,,true,EUR
cloud-vps-60,cloud-vps-60,Cloud VPS,Cloud VPS 60,Image,OS,Ubuntu 26.04,0,0,,,,,,EUR
cloud-vps-60,cloud-vps-60,Cloud VPS,Cloud VPS 60,Image,OS,Windows Server 2016 Datacenter,71.3,0,,,,,,EUR
cloud-vps-60,cloud-vps-60,Cloud VPS,Cloud VPS 60,Image,OS,Windows Server 2019 Datacenter,77,0,,,,,,EUR
cloud-vps-60,cloud-vps-60,Cloud VPS,Cloud VPS 60,Image,OS,Windows Server 2022 Datacenter,77,0,,,,,,EUR
cloud-vps-60,cloud-vps-60,Cloud VPS,Cloud VPS 60,Image,OS,Windows Server 2025 Datacenter,77,0,,,,,,EUR
cloud-vps-60,cloud-vps-60,Cloud VPS,Cloud VPS 60,Image,Panels,cPanel/WHM (5 accounts),21.75,0,,,,,,EUR
cloud-vps-60,cloud-vps-60,Cloud VPS,Cloud VPS 60,Image,Panels,Plesk Admin Edition,12,0,,,,,,EUR
cloud-vps-60,cloud-vps-60,Cloud VPS,Cloud VPS 60,Image,Panels,Plesk Host Edition,36.5,0,,,,,,EUR
cloud-vps-60,cloud-vps-60,Cloud VPS,Cloud VPS 60,Image,Panels,Plesk Pro Edition,19,0,,,,,,EUR
cloud-vps-60,cloud-vps-60,Cloud VPS,Cloud VPS 60,Image,Panels,Webmin,0,0,,,,,,EUR
cloud-vps-60,cloud-vps-60,Cloud VPS,Cloud VPS 60,Image,Panels,Webmin + LAMP,0,0,,,,,,EUR
cloud-vps-60,cloud-vps-60,Cloud VPS,Cloud VPS 60,Networking,Bandwidth,10 TB Out + Unlimited In,0,0,,,,,,EUR
cloud-vps-60,cloud-vps-60,Cloud VPS,Cloud VPS 60,Networking,Bandwidth,32 TB Out + Unlimited In,0,0,,,,,,EUR
cloud-vps-60,cloud-vps-60,Cloud VPS,Cloud VPS 60,Networking,Bandwidth,Unlimited Traffic,0,0,,,,,true,EUR
cloud-vps-60,cloud-vps-60,Cloud VPS,Cloud VPS 60,Networking,IPv4,1 IP Address,0,0,,,,,true,EUR
cloud-vps-60,cloud-vps-60,Cloud VPS,Cloud VPS 60,Networking,IPv4,Additional IP Address,3.5,0,,,,,,EUR
cloud-vps-60,cloud-vps-60,Cloud VPS,Cloud VPS 60,Networking,Private Networking,No Private Networking,0,0,,,,,true,EUR
cloud-vps-60,cloud-vps-60,Cloud VPS,Cloud VPS 60,Networking,Private Networking,Private Networking Enabled,2.29,0,,,,,,EUR
cloud-vps-60,cloud-vps-60,Cloud VPS,Cloud VPS 60,Region,America,United States (Central),11.3,0,America,United States (Central),US,Central,,EUR
cloud-vps-60,cloud-vps-60,Cloud VPS,Cloud VPS 60,Region,America,United States (East),16.7,0,America,United States (East),US,East,,EUR
cloud-vps-60,cloud-vps-60,Cloud VPS,Cloud VPS 60,Region,America,United States (West),14,0,America,United States (West),US,West,,EUR
cloud-vps-60,cloud-vps-60,Cloud VPS,Cloud VPS 60,Region,Asia,India,25.85,0,Asia,India,IN,,,EUR
cloud-vps-60,cloud-vps-60,Cloud VPS,Cloud VPS 60,Region,Asia,Japan,27.5,0,Asia,Japan,JP,,,EUR
cloud-vps-60,cloud-vps-60,Cloud VPS,Cloud VPS 60,Region,Asia,Singapore,27.5,0,Asia,Singapore,SG,,,EUR
cloud-vps-60,cloud-vps-60,Cloud VPS,Cloud VPS 60,Region,Australia,Australia,23.2,0,Australia,Australia,AU,,,EUR
cloud-vps-60,cloud-vps-60,Cloud VPS,Cloud VPS 60,Region,Europe,European Union,0,0,Europe,European Union,EU,,true,EUR
cloud-vps-60,cloud-vps-60,Cloud VPS,Cloud VPS 60,Region,Europe,United Kingdom,11.3,0,Europe,United Kingdom,UK,,,EUR
cloud-vps-60,cloud-vps-60,Cloud VPS,Cloud VPS 60,Storage Type,NVMe,350 GB NVMe,0,0,,,,,true,EUR
cloud-vps-60,cloud-vps-60,Cloud VPS,Cloud VPS 60,Storage Type,NVMe,700 GB NVMe,7.2,0,,,,,,EUR
cloud-vps-60,cloud-vps-60,Cloud VPS,Cloud VPS 60,Storage Type,SSD,1.4 TB SSD,8.7,0,,,,,,EUR
cloud-vps-60,cloud-vps-60,Cloud VPS,Cloud VPS 60,Storage Type,SSD,700 GB SSD,0,0,,,,,,EUR
cloud-vps-50,cloud-vps-50,Cloud VPS,Cloud VPS 50,Data Protection,Auto Backup,Auto Backup,7.5,0,,,,,,EUR
cloud-vps-50,cloud-vps-50,Cloud VPS,Cloud VPS 50,Data Protection,None,No Data Protection,0,0,,,,,true,EUR
cloud-vps-50,cloud-vps-50,Cloud VPS,Cloud VPS 50,Image,Apps,Coolify Server,0,0,,,,,,EUR
cloud-vps-50,cloud-vps-50,Cloud VPS,Cloud VPS 50,Image,Apps,Docker,0,0,,,,,,EUR
cloud-vps-50,cloud-vps-50,Cloud VPS,Cloud VPS 50,Image,Apps,Dokploy Server,0,0,,,,,,EUR
cloud-vps-50,cloud-vps-50,Cloud VPS,Cloud VPS 50,Image,Apps,GitLab Server,0,0,,,,,,EUR
cloud-vps-50,cloud-vps-50,Cloud VPS,Cloud VPS 50,Image,Apps,Hermes Agent Server,0,0,,,,,,EUR
cloud-vps-50,cloud-vps-50,Cloud VPS,Cloud VPS 50,Image,Apps,LAMP,0,0,,,,,,EUR
cloud-vps-50,cloud-vps-50,Cloud VPS,Cloud VPS 50,Image,Apps,n8n Server,0,0,,,,,,EUR
cloud-vps-50,cloud-vps-50,Cloud VPS,Cloud VPS 50,Image,Apps,Nextcloud Server,0,0,,,,,,EUR
cloud-vps-50,cloud-vps-50,Cloud VPS,Cloud VPS 50,Image,Apps,Ollama Server,0,0,,,,,,EUR
cloud-vps-50,cloud-vps-50,Cloud VPS,Cloud VPS 50,Image,Apps,OpenClaw Server,0,0,,,,,,EUR
cloud-vps-50,cloud-vps-50,Cloud VPS,Cloud VPS 50,Image,Apps,Paperclip Server,0,0,,,,,,EUR
cloud-vps-50,cloud-vps-50,Cloud VPS,Cloud VPS 50,Image,Apps,WireGuard Server,0,0,,,,,,EUR
cloud-vps-50,cloud-vps-50,Cloud VPS,Cloud VPS 50,Image,Apps,Zeroclaw Server,0,0,,,,,,EUR
cloud-vps-50,cloud-vps-50,Cloud VPS,Cloud VPS 50,Image,Blockchain,Flux Node,0,0,,,,,,EUR
cloud-vps-50,cloud-vps-50,Cloud VPS,Cloud VPS 50,Image,Blockchain,Horizen Node,0,0,,,,,,EUR
cloud-vps-50,cloud-vps-50,Cloud VPS,Cloud VPS 50,Image,Blockchain,IPFS Node,0,0,,,,,,EUR
cloud-vps-50,cloud-vps-50,Cloud VPS,Cloud VPS 50,Image,OS,AlmaLinux 10,0,0,,,,,,EUR
cloud-vps-50,cloud-vps-50,Cloud VPS,Cloud VPS 50,Image,OS,AlmaLinux 9,0,0,,,,,,EUR
cloud-vps-50,cloud-vps-50,Cloud VPS,Cloud VPS 50,Image,OS,Arch Linux,0,0,,,,,,EUR
cloud-vps-50,cloud-vps-50,Cloud VPS,Cloud VPS 50,Image,OS,Debian 12,0,0,,,,,,EUR
cloud-vps-50,cloud-vps-50,Cloud VPS,Cloud VPS 50,Image,OS,FreeBSD 12.2,0,0,,,,,,EUR
cloud-vps-50,cloud-vps-50,Cloud VPS,Cloud VPS 50,Image,OS,Rocky Linux 8,0,0,,,,,,EUR
cloud-vps-50,cloud-vps-50,Cloud VPS,Cloud VPS 50,Image,OS,Rocky Linux 9,0,0,,,,,,EUR
cloud-vps-50,cloud-vps-50,Cloud VPS,Cloud VPS 50,Image,OS,Ubuntu 19.10 (64 Bit),0,0,,,,,,EUR
cloud-vps-50,cloud-vps-50,Cloud VPS,Cloud VPS 50,Image,OS,Ubuntu 22.04,0,0,,,,,,EUR
cloud-vps-50,cloud-vps-50,Cloud VPS,Cloud VPS 50,Image,OS,Ubuntu 24.04,0,0,,,,,true,EUR
cloud-vps-50,cloud-vps-50,Cloud VPS,Cloud VPS 50,Image,OS,Ubuntu 26.04,0,0,,,,,,EUR
cloud-vps-50,cloud-vps-50,Cloud VPS,Cloud VPS 50,Image,OS,Windows Server 2016 Datacenter,61.1,0,,,,,,EUR
cloud-vps-50,cloud-vps-50,Cloud VPS,Cloud VPS 50,Image,OS,Windows Server 2019 Datacenter,64.15,0,,,,,,EUR
cloud-vps-50,cloud-vps-50,Cloud VPS,Cloud VPS 50,Image,OS,Windows Server 2022 Datacenter,64.15,0,,,,,,EUR
cloud-vps-50,cloud-vps-50,Cloud VPS,Cloud VPS 50,Image,OS,Windows Server 2025 Datacenter,64.15,0,,,,,,EUR
cloud-vps-50,cloud-vps-50,Cloud VPS,Cloud VPS 50,Image,Panels,cPanel/WHM (5 accounts),21.75,0,,,,,,EUR
cloud-vps-50,cloud-vps-50,Cloud VPS,Cloud VPS 50,Image,Panels,Plesk Admin Edition,12,0,,,,,,EUR
cloud-vps-50,cloud-vps-50,Cloud VPS,Cloud VPS 50,Image,Panels,Plesk Host Edition,36.5,0,,,,,,EUR
cloud-vps-50,cloud-vps-50,Cloud VPS,Cloud VPS 50,Image,Panels,Plesk Pro Edition,19,0,,,,,,EUR
cloud-vps-50,cloud-vps-50,Cloud VPS,Cloud VPS 50,Image,Panels,Webmin,0,0,,,,,,EUR
cloud-vps-50,cloud-vps-50,Cloud VPS,Cloud VPS 50,Image,Panels,Webmin + LAMP,0,0,,,,,,EUR
cloud-vps-50,cloud-vps-50,Cloud VPS,Cloud VPS 50,Networking,Bandwidth,10 TB Out + Unlimited In,0,0,,,,,,EUR
cloud-vps-50,cloud-vps-50,Cloud VPS,Cloud VPS 50,Networking,Bandwidth,32 TB Out + Unlimited In,0,0,,,,,,EUR
cloud-vps-50,cloud-vps-50,Cloud VPS,Cloud VPS 50,Networking,Bandwidth,Unlimited Traffic,0,0,,,,,true,EUR
cloud-vps-50,cloud-vps-50,Cloud VPS,Cloud VPS 50,Networking,IPv4,1 IP Address,0,0,,,,,true,EUR
cloud-vps-50,cloud-vps-50,Cloud VPS,Cloud VPS 50,Networking,IPv4,Additional IP Address,3.5,0,,,,,,EUR
cloud-vps-50,cloud-vps-50,Cloud VPS,Cloud VPS 50,Networking,Private Networking,No Private Networking,0,0,,,,,true,EUR
cloud-vps-50,cloud-vps-50,Cloud VPS,Cloud VPS 50,Networking,Private Networking,Private Networking Enabled,2.29,0,,,,,,EUR
cloud-vps-50,cloud-vps-50,Cloud VPS,Cloud VPS 50,Region,America,United States (Central),8.55,0,America,United States (Central),US,Central,,EUR
cloud-vps-50,cloud-vps-50,Cloud VPS,Cloud VPS 50,Region,America,United States (East),12.6,0,America,United States (East),US,East,,EUR
cloud-vps-50,cloud-vps-50,Cloud VPS,Cloud VPS 50,Region,America,United States (West),10.6,0,America,United States (West),US,West,,EUR
cloud-vps-50,cloud-vps-50,Cloud VPS,Cloud VPS 50,Region,Asia,India,19.55,0,Asia,India,IN,,,EUR
cloud-vps-50,cloud-vps-50,Cloud VPS,Cloud VPS 50,Region,Asia,Japan,20.75,0,Asia,Japan,JP,,,EUR
cloud-vps-50,cloud-vps-50,Cloud VPS,Cloud VPS 50,Region,Asia,Singapore,20.75,0,Asia,Singapore,SG,,,EUR
cloud-vps-50,cloud-vps-50,Cloud VPS,Cloud VPS 50,Region,Australia,Australia,17.5,0,Australia,Australia,AU,,,EUR
cloud-vps-50,cloud-vps-50,Cloud VPS,Cloud VPS 50,Region,Europe,European Union,0,0,Europe,European Union,EU,,true,EUR
cloud-vps-50,cloud-vps-50,Cloud VPS,Cloud VPS 50,Region,Europe,United Kingdom,8.55,0,Europe,United Kingdom,UK,,,EUR
cloud-vps-50,cloud-vps-50,Cloud VPS,Cloud VPS 50,Storage Type,NVMe,300 GB NVMe,0,0,,,,,true,EUR
cloud-vps-50,cloud-vps-50,Cloud VPS,Cloud VPS 50,Storage Type,NVMe,600 GB NVMe,5.95,0,,,,,,EUR
cloud-vps-50,cloud-vps-50,Cloud VPS,Cloud VPS 50,Storage Type,SSD,1.2 TB SSD,7.7,0,,,,,,EUR
cloud-vps-50,cloud-vps-50,Cloud VPS,Cloud VPS 50,Storage Type,SSD,600 GB SSD,0,0,,,,,,EUR
